Fecha_Ade,Rpu,Ciclo,Division,Zona,Agencia,Poblacion,Ruta,Nombre,Tarifa,Estado,Num_Med,Hilos,Cod_Med,Cod_Lot,Fecha_Ade_Fac,Tipo_Ade,Fecha_Operacion_Fac,Kwh_Repuestos,Importe,Lectura,Consumo,Anom_Accion,Anom_Inform,Anom_Sistema,Motivo_Cancelacion,RPE_Cancela,kWh,kWh_Reales,Desc_Anom_Accion,Desc_Anom_Inform,Desc_Anom_Sistema,Desc_Motivo_Cancelacion,Empresa,Fecha_Lectura_Kavi,Num_Tarea_Kavi,Tipo_Tarea_Kavi,RPE_Lectura_Kavi,Medidor_Kavi,Kwh_Kavi,Modo_Captura_Kavi,Cve_Anom_Kavi,Desc_Anom_Kavi,Validacion_Kavi,Tiene_Foto_Kavi,Proceso
2026-02-01 00:00:00,773870200276,05,DW,01,D,01,055,CHAVEZ GAMBOA JOSE AUGUSTO    ,1D,ACTIVO,5ANG63 ,1,F123,25NX,2026-01-01 00:00:00,1,2026-02-13 00:00:00,505,5019,,,,,,903,9N4C9,1341,-836,,,,Error Cambio Medidor,S,,,,,,,,,,,,CAMP
2026-02-01 00:00:00,779251200154,25,DW,01,M,24,251,CHAVEZ HERNANDEZ JOSE LUIS    ,02,ACTIVO,CVN420 ,2,F623,22NU,2026-01-01 00:00:00,1,2026-02-18 00:00:00,0,5914,27925,607,0,0,0,902,9N4C9,607,-607,,,,Sin Consumo,S,,,,,,,,,,,,FACT
2026-02-01 00:00:00,774200302104,05,DW,01,E,37,051,MARTINEZ ELIGIO JESUS A       ,1D,ACTIVO,PKH227 ,1,F123,24NX,2026-01-01 00:00:00,1,2026-02-18 00:00:00,612,6168,,,,,,901,9MC5P,1593,-981,,,,Error De Lectura,S,,,,,,,,,,,,CAMP
2026-02-01 00:00:00,779240604156,05,DW,01,M,13,053,PACHECO NOVEL MARCOS ANTONIO  ,1D,ACTIVO,LFE636 ,2,F623,23NY,2026-01-01 00:00:00,1,2026-02-17 00:00:00,1332,26438,14051,6037,0,0,0,901,9MC5P,6037,-4705,,,,Error De Lectura,S,,,,,,,,,,,,CAMP
2026-02-01 00:00:00,781231101880,38,DW,12,B,03,380,GOMEZ GONZALEZ LUIS ALBERTO   ,1D,ACTIVO,2BDL76 ,2,F623,25P2,2025-04-01 00:00:00,1,2026-02-09 00:00:00,472,8143,,,,,,905,9MCFP,2253,-1781,,,,Falla De Medidor,S,,,,,,,,,,,,MED
2026-02-01 00:00:00,781990101193,10,DW,12,B,01,101,LUIS ANTONIO CANUL            ,1D,ACTIVO,2U524J ,2,F421,06GH,2026-02-01 00:00:00,1,2026-02-11 00:00:00,431,5606,74372,1447,0,0,0,901,9MCFP,1447,-1016,,,,Error De Lectura,S,2026-02-04 07:20:19,1002,M,9NCWM,2U524J ,1447,Nor,  ,,,,CAMP
2026-02-01 00:00:00,795010401693,12,DW,05,A,01,121,QUINTAL PECH FRANCISCO JAVIER ,1F,ACTIVO,0C2E60 ,1,F121,00GG,2026-02-01 00:00:00,1,2026-02-13 00:00:00,401,3227,62935,943,0,0,0,901,9MCCJ,943,-542,,,,Error De Lectura,S,2026-02-05 08:42:52,1203,M,G81DP,0C2E60 ,943,Nor,  ,,,,CAMP
2026-02-01 00:00:00,780190300108,14,DW,12,A,01,140,RUIZ JIMENEZ MANUEL ALEJANDRO ,1D,ACTIVO,V617BV ,2,F622,18LM,2026-02-01 00:00:00,1,2026-02-26 00:00:00,0,2824,23460,864,59,0,0,904,9MCBY,864,-864,DISPLAY APAGADO,,,Error De Estimacion,S,2026-02-06 13:31:40,1401,M,9BBM1,V617BV ,0,Nor,59,DISPLAY APAGADO,59,S,FACT
2026-02-01 00:00:00,780170901920,07,DW,12,A,01,070,DESARROLLO INMOB SACA SA DE CV,02,ACTIVO,332JV3 ,2,F622,12LJ,2026-01-01 00:00:00,1,2026-02-05 00:00:00,0,7665,567,1528,59,0,0,904,9MCBY,1528,-1528,DISPLAY APAGADO,,,Error De Estimacion,S,2026-01-05 08:17:47,0701,M,GA4GN,332JV3 ,0,Nor,59,DISPLAY APAGADO,59,S,FACT
2026-02-01 00:00:00,776090701388,11,DW,01,E,37,115,FRIAS DOMINGUEZ MARIA TERESA  ,1D,ACTIVO,9F766N ,1,F121,05JL,2026-01-01 00:00:00,1,2026-02-23 00:00:00,1179,8459,49868,2094,0,0,0,901,9MC5P,2094,-915,,,,Error De Lectura,S,,,,,,,,,,,,CAMP
2026-02-01 00:00:00,795020609128,70,DW,05,A,01,702,SUPER TIENDA DEL HOGAR SA D CV,02,ACTIVO,9AUC46 ,2,F623,25P2,2026-01-01 00:00:00,1,2026-02-20 00:00:00,0,20588,,,,,,901,9N4CB,4115,-4115,,,,Error De Lectura,S,,,,,,,,,,,,CAMP
2026-02-01 00:00:00,779240700848,36,DW,01,M,13,365,ABIMERHI SANTOS NAYIB MOUSET  ,1D,ACTIVO,WWU220 ,2,F623,24P3,2025-12-01 00:00:00,1,2026-02-17 00:00:00,230,3208,8,8,0,31,0,903,9MC5P,949,-719,,SERVICIO SIN USO,,Error Cambio Medidor,S,,,,,,,,,,,,CAMP
2026-02-01 00:00:00,782080401611,16,DW,12,D,01,162,RIVERA MONTORO EMMANUEL       ,1D,ACTIVO,60D3B5 ,2,F421,08KF,2026-02-01 00:00:00,1,2026-02-19 00:00:00,513,4279,57895,1169,0,0,0,901,9MCFP,1169,-656,,,,Error De Lectura,S,2026-02-09 08:12:19,1603,M,GAF1M,60D3B5 ,1169,Nor,  ,,,,CAMP
2026-02-01 00:00:00,783130402172,38,DW,12,D,01,383,GUZMAN JIMENEZ VIRGINIA       ,1D,ACTIVO,8AAN35 ,2,F623,25NY,2025-12-01 00:00:00,1,2026-02-09 00:00:00,1128,8346,,,,,,901,9MCEP,2033,-905,,,,Error De Lectura,S,,,,,,,,,,,,CAMP
2026-02-01 00:00:00,795960701707,29,DW,05,A,01,293,SANCHEZ CARRILLO LILIA        ,1F,ACTIVO,5DAW01 ,1,F123,25NX,2026-01-01 00:00:00,1,2026-02-04 00:00:00,785,8912,2264,2130,0,0,0,903,9MCCJ,2130,-1345,,,,Error Cambio Medidor,S,,,,,,,,,,,,CAMP
2026-02-01 00:00:00,780941201755,33,DW,12,B,01,330,MARGARITA RENDON B            ,02,BAJA,,1,,,2025-11-01 00:00:00,1,2026-02-06 00:00:00,0,6289,,,,,,901,9MCBY,999,-999,,,,Error De Lectura,S,,,,,,,,,,,,CAMP
2026-02-01 00:00:00,795120105917,27,DW,05,A,01,274,POLANCO MATA JESUS            ,1F,ACTIVO,WNJ425 ,2,F623,24P2,2026-01-01 00:00:00,1,2026-02-13 00:00:00,102,5649,,,,,,901,9N4CB,1450,-1348,,,,Error De Lectura,S,,,,,,,,,,,,CAMP
2026-02-01 00:00:00,795980101421,21,DW,05,A,01,272,FELIPE PEREZ LOPEZ            ,1F,ACTIVO,5AXY96 ,2,F623,25P2,2026-01-01 00:00:00,1,2026-02-04 00:00:00,518,2997,,,,,,903,9N4CB,897,-379,,,,Error Cambio Medidor,S,,,,,,,,,,,,CAMP
2026-02-01 00:00:00,776100100299,09,DW,01,E,37,071,SOSA ANDRADE MILDRED ALEJANDRA,1D,ACTIVO,3AUM95 ,2,F623,25P2,2025-11-01 00:00:00,1,2026-02-13 00:00:00,0,2989,371,371,0,0,0,906,GEYE8,1166,-1166,,,,Error De Sistema,S,,,,,,,,,,,,FACT
2026-02-01 00:00:00,795230200192,23,DW,05,A,01,116,GRANIEL BENITEZ ULISES        ,1F,CORTADO,DBY880 ,2,F623,22NU,2026-01-01 00:00:00,1,2026-02-10 00:00:00,1566,16938,22044,3803,0,0,0,901,9N4CB,3803,-2237,,,,Error De Lectura,S,,,,,,,,,,,,CAMP
2026-02-01 00:00:00,795251200214,31,DW,05,A,01,311,AGUIRRE MATEO MALBER          ,1F,ACTIVO,3BCH14 ,2,F623,25P2,2026-01-01 00:00:00,1,2026-02-06 00:00:00,236,9747,236,236,0,0,0,911,9N4CB,236,0,,,,Car/Cre No Procede,S,,,,,,,,,,,,FACT
2026-02-01 00:00:00,800240900714,27,DW,07,A,02,022,PETUL PAT JOSE ANTONIO        ,1B,ACTIVO,PCX469 ,1,F123,24NX,2026-01-01 00:00:00,1,2026-02-12 00:00:00,320,67,3022,45,0,0,0,901,9BBHT,45,275,,,,Error De Lectura,S,,,,,,,,,,,,CAMP
2026-02-01 00:00:00,774240301003,13,DW,01,E,37,111,VALDES PADILLA MORAIMA LILIANA,1D,ACTIVO,5BCV38 ,2,F623,25P2,2025-11-01 00:00:00,1,2026-02-10 00:00:00,450,15074,3358,3358,0,0,0,903,GEYE8,3815,-3365,,,,Error Cambio Medidor,S,,,,,,,,,,,,CAMP
2026-02-01 00:00:00,789141204729,10,DW,04,A,01,101,CRUZ PECH CASTULO             ,1F,BAJA SIN MED RET,DJK924 ,2,F623,22NU,2025-12-01 00:00:00,1,2026-02-06 00:00:00,0,248,2729,178,56,0,0,904,GE039,178,-178,NO HAY MEDIDOR,,,Error De Estimacion,S,2025-12-05 13:37:54,1001,L,9BBV0,DJK924 ,0,Nor,56,NO HAY MEDIDOR,56,S,FACT
2026-02-01 00:00:00,776830800091,25,DW,01,E,37,254,ALVARO ALONSO PEREZ LEON      ,1D,ACTIVO,2AUR79 ,2,F623,25P2,2025-11-01 00:00:00,1,2026-02-12 00:00:00,342,5023,1053,1053,0,0,0,903,GEYE8,1350,-1008,,,,Error Cambio Medidor,S,,,,,,,,,,,,CAMP
2026-02-01 00:00:00,789140303243,10,DW,04,B,23,103,MEDELLIN ALEJANDRE CARLOS GUIL,1F,ACTIVO,741MDG ,2,F62J,15MT,2026-02-01 00:00:00,1,2026-02-24 00:00:00,519,5138,51893,1340,0,0,0,901,9NNL9,1340,-821,,,,Error De Lectura,S,,,,,,,,,,,,CAMP
2026-02-01 00:00:00,791750322422,40,DW,04,D,47,004,JOSE ISAAC UC UC              ,1F,ACTIVO,2T418C ,2,F621,06F3,2025-12-01 00:00:00,1,2026-02-06 00:00:00,555,6216,79989,1573,0,0,0,901,9NNMT,1573,-1018,,,,Error De Lectura,S,,,,,,,,,,,,CAMP
2026-02-01 00:00:00,800220401410,37,DW,07,A,41,002,MONZON MARCELIN BLANCA LIDIA  ,1B,ACTIVO,AWJ778 ,1,F123,22NX,2026-01-01 00:00:00,1,2026-02-13 00:00:00,260,2072,3785,675,0,0,0,901,9BBHT,675,-415,,,,Error De Lectura,S,,,,,,,,,,,,CAMP
2026-02-01 00:00:00,783221004757,23,DW,12,D,01,232,SANCHEZ CASTILLEJOS NAXHIELY  ,1D,ACTIVO,5AXY03 ,2,F623,25P2,2026-01-01 00:00:00,1,2026-02-18 00:00:00,0,2821,,,,,,903,G87AG,865,-865,,,,Error Cambio Medidor,,,,,,,,,,,,,CAMP
2026-02-01 00:00:00,800231100951,19,DW,07,A,05,194,POLANCO DIAZ FRANCISCO ALFONSO,1B,ACTIVO,0AXR28 ,2,F623,25P2,2025-11-01 00:00:00,1,2026-02-17 00:00:00,693,10323,,,,,,905,9BBHT,2464,-1771,,,,Falla De Medidor,S,,,,,,,,,,,,MED
2026-02-01 00:00:00,788240800485,39,DW,03,D,26,391,PUC PECH CRISTIAN SANTIAGO    ,1C,ACTIVO,1ANG05 ,1,F123,25NX,2026-01-01 00:00:00,1,2026-02-16 00:00:00,25,2277,718,718,0,31,0,903,GAAUN,718,-693,,SERVICIO SIN USO,,Error Cambio Medidor,S,,,,,,,,,,,,CAMP
2026-02-01 00:00:00,800830500177,40,DW,07,A,05,322,MARIO H NOVELO GUEMEZ         ,1B,ACTIVO,3L03W8 ,1,F121,04GG,2025-12-01 00:00:00,1,2026-02-03 00:00:00,472,6094,62859,1525,0,0,0,901,9BBHT,1525,-1053,,,,Error De Lectura,S,,,,,,,,,,,,CAMP
2026-02-01 00:00:00,808851000035,15,DW,08,E,68,152,ROGELIA GARCIA                ,1B,ACTIVO,4G1J96 ,1,F121,01GG,2026-01-01 00:00:00,1,2026-02-09 00:00:00,0,3614,5224,999,0,0,0,901,9ND17,999,-999,,,,Error De Lectura,S,,,,,,,,,,,,CAMP
2026-02-01 00:00:00,810180905962,23,DW,22,A,02,230,INMOB NUEVA ANAHUAC SAPIDECV  ,1B,ACTIVO,996AA2 ,3,FD2H,11KV,2026-01-01 00:00:00,1,2026-02-13 00:00:00,710,13230,69919,1828,51,0,0,904,9NNKV,1828,-1118,NO ENCONTRE DOMI,,,Error De Estimacion,S,2026-01-15 15:52:57,2301,M,9JR5N,996AA2 ,0,Nor,51,NO ENCONTRE DOMI,,,FACT
2026-02-01 00:00:00,810101200932,24,DW,22,A,02,241,DE LA TORRE GARCIA NAYELI KARI,1B,ACTIVO,2AVC35 ,2,F623,25P2,2025-12-01 00:00:00,1,2026-02-13 00:00:00,135,1946,0,632,52,0,0,903,9NNKV,639,-504,COMUNICACION INTERRU,,,Error Cambio Medidor,S,2025-12-16 10:05:37,2452,R,9ND54,2AVC35 ,0,Nor,52,COMUNICACION INTERRU,52,S,CAMP
2026-02-01 00:00:00,810170404027,15,DW,22,A,01,156,CHUC HAU BARTOLO              ,02,ACTIVO,574MFV ,2,F62J,15MT,2026-01-01 00:00:00,1,2026-02-04 00:00:00,1101,199531,18272,41141,0,0,0,901,9NNKV,41141,-40040,,,,Error De Lectura,S,,,,,,,,,,,,CAMP
2026-02-01 00:00:00,792070400344,36,DW,04,E,68,004,UC TZEL AGUSTIN ALEJANDRO     ,1F,ACTIVO,7HF591 ,1,F121,98GG,2025-10-01 00:00:00,1,2026-02-17 00:00:00,371,2876,35801,2419,0,0,0,901,GAG1M,2419,-2048,,,,Error De Lectura,D,,,,,,,,,,,,CAMP
2026-02-01 00:00:00,810141002271,15,DW,22,A,01,153,SOSA PUC LUIS ALBERTO         ,1B,ACTIVO,692MCU ,1,F12J,15MR,2026-01-01 00:00:00,1,2026-02-05 00:00:00,107,103717,24179,22499,0,0,0,901,9NNKV,22499,-22392,,,,Error De Lectura,S,,,,,,,,,,,,CAMP
2026-02-01 00:00:00,787850600091,06,DW,03,C,71,001,RODRIGUEZ HUCHIM MARTA BEATRIZ,02,ACTIVO,NT612C ,2,F623,20NU,2026-02-01 00:00:00,1,2026-02-05 00:00:00,0,429,629,66,0,0,0,901,9NNLG,66,-66,,,,Error De Lectura,S,2026-01-30 14:24:31,0626,L,GA6WN,NT612C ,66,Nor,  ,,,,CAMP
2026-02-01 00:00:00,801060300464,32,DW,07,B,40,407,ALCOCER LORIA ANTONIO         ,1C,ACTIVO,7C123N ,2,F421,05GH,2025-12-01 00:00:00,1,2026-02-11 00:00:00,614,5127,56708,1321,0,0,0,901,9NNL5,1321,-707,,,,Error De Lectura,S,,,,,,,,,,,,CAMP
2026-02-01 00:00:00,787960700104,23,DW,03,C,65,231,MAY DZIB JOSE DIONICIO        ,1B,ACTIVO,3C5E72 ,1,F121,00GG,2026-01-01 00:00:00,1,2026-02-05 00:00:00,2,230,3478,168,0,0,0,901,9NNLG,168,-166,,,,Error De Lectura,S,,,,,,,,,,,,CAMP
2026-02-01 00:00:00,801970300581,08,DW,07,B,06,803,JOSE MARCOS CAB PAT           ,1B,ACTIVO,PJJ480 ,1,F123,24NX,2026-02-01 00:00:00,1,2026-02-20 00:00:00,213,4503,,,,,,901,9NNL5,1183,-970,,,,Error De Lectura,S,2026-02-03 13:10:31,0802,M,GAT3M,Y93L06 ,1183,Nor,  ,,FR,S,CAMP
2026-02-01 00:00:00,801911001295,37,DW,07,B,28,374,BATUN KAUIL JOSE FERMIN       ,1B,ACTIVO,PCR645 ,1,F123,24NX,2026-01-01 00:00:00,1,2026-02-12 00:00:00,41,3814,,,,,,901,9NNL5,1041,-1000,,,,Error De Lectura,S,,,,,,,,,,,,CAMP
2026-02-01 00:00:00,801081200729,10,DW,07,B,06,104,ARZAPALO Y NUNEZ LAURO        ,1B,ACTIVO,PJJ494 ,1,F123,24NX,2026-02-01 00:00:00,1,2026-02-18 00:00:00,65,1377,,,,,,901,9NNL5,528,-463,,,,Error De Lectura,S,2026-02-04 15:25:23,1002,M,9ND1B,3RU405 ,528,Nor,  ,,,,CAMP
2026-02-01 00:00:00,801961201091,29,DW,07,B,50,253,PUC BALAM FRANCISCO           ,1C,ACTIVO,PCF670 ,1,F123,24NX,2026-01-01 00:00:00,1,2026-02-12 00:00:00,650,4309,0,495,60,0,0,904,9NNL5,1145,-495,MEDID NO TRABAJA,,,Error De Estimacion,S,2026-01-20 14:10:50,2929,L,9ND1B,278VBR ,0,Nor,60,MEDID NO TRABAJA,60,S,FACT
2026-02-01 00:00:00,787850600091,06,DW,03,C,71,001,RODRIGUEZ HUCHIM MARTA BEATRIZ,02,ACTIVO,NT612C ,2,F623,20NU,2025-12-01 00:00:00,1,2026-02-05 00:00:00,0,425,563,63,0,0,0,901,9NNLG,63,-63,,,,Error De Lectura,S,,,,,,,,,,,,CAMP
2026-02-01 00:00:00,787850600091,06,DW,03,C,71,001,RODRIGUEZ HUCHIM MARTA BEATRIZ,02,ACTIVO,NT612C ,2,F623,20NU,2025-10-01 00:00:00,1,2026-02-05 00:00:00,0,467,500,70,0,0,0,901,9NNLG,70,-70,,,,Error De Lectura,S,,,,,,,,,,,,CAMP
2026-02-01 00:00:00,786250900477,33,DW,03,B,16,330,DUARTE YC JONATHAN JAIR       ,1C,ACTIVO,0DVR39 ,2,F623,25NY,2026-01-01 00:00:00,1,2026-02-06 00:00:00,0,283,401,200,0,0,0,901,9NNLG,200,-200,,,,Error De Lectura,S,,,,,,,,,,,,CAMP
2026-02-01 00:00:00,787140100056,24,DW,03,C,67,242,MOO   GUADALUPE CONCEPCION    ,1C,ACTIVO,GBX097 ,1,F123,23NX,2026-02-01 00:00:00,1,2026-02-23 00:00:00,0,700,111,386,0,0,70,901,9NNLG,386,-386,,,LECTURA NEGATIVA,Error De Lectura,S,2026-02-13 10:17:07,2426,L,9MCCY,GBX097 ,99944,Opt,  ,,,,CAMP
2026-02-01 00:00:00,785920200181,27,DW,03,A,05,001,JESUS A SOBERANIS I           ,02,ACTIVO,GEC189 ,3,FD2H,23NX,2026-01-01 00:00:00,1,2026-02-04 00:00:00,58,4057,51,51,0,0,0,903,9NNLG,799,-741,,,,Error Cambio Medidor,S,,,,,,,,,,,,CAMP
2026-02-01 00:00:00,787750415318,06,DW,03,C,71,061,FIDENCIO MUT MARTIN           ,1B,ACTIVO,242VBJ ,1,F122,16LN,2025-12-01 00:00:00,1,2026-02-23 00:00:00,325,2861,20676,843,0,0,0,901,9NNLG,843,-518,,,,Error De Lectura,S,,,,,,,,,,,,CAMP
2026-02-01 00:00:00,800220900688,33,DW,07,A,32,321,ITZINCAB HOIL CARLOS PATRICIO ,1B,ACTIVO,TU889E ,1,F123,21NX,2026-01-01 00:00:00,1,2026-02-18 00:00:00,259,5084,3321,1308,0,0,0,904,9BBHT,1308,-1049,,,,Error De Estimacion,S,,,,,,,,,,,,FACT
2026-02-01 00:00:00,779210702340,23,DW,01,M,02,234,MARQUEZ ORTEGA FABIAN         ,1D,ACTIVO,1AUX23 ,2,F623,25P2,2026-01-01 00:00:00,1,2026-02-04 00:00:00,123,6959,2759,944,0,0,0,906,9NNMM,1765,-1642,,,,Error De Sistema,S,,,,,,,,,,,,FACT
2026-02-01 00:00:00,779210702340,23,DW,01,M,02,234,MARQUEZ ORTEGA FABIAN         ,1D,ACTIVO,1AUX23 ,2,F623,25P2,2025-11-01 00:00:00,1,2026-02-04 00:00:00,111,9816,1815,1732,0,0,0,906,9NNMM,2585,-2474,,,,Error De Sistema,S,2025-11-14 15:09:58,2326,L,9MCBU,1AUX23 ,879,Opt,  ,,,,FACT
2026-02-01 00:00:00,779981000029,18,DW,01,M,04,182,CLEOFAS RIVERA H              ,1D,ACTIVO,9B450Y ,2,F621,04F3,2025-10-01 00:00:00,1,2026-02-25 00:00:00,492,3642,58667,1607,0,0,0,906,9NNMM,1607,-1115,,,,Error De Sistema,S,,,,,,,,,,,,FACT
2026-02-01 00:00:00,315150602964,27,DW,04,B,23,273,PECH MOGOLLON MARIA DEL ROSARI,1F,ACTIVO,PJP029 ,1,F123,24NX,2026-01-01 00:00:00,1,2026-02-09 00:00:00,573,4760,573,573,0,0,0,903,9JRB3,1248,-675,,,,Error Cambio Medidor,S,,,,,,,,,,,,CAMP
2026-02-01 00:00:00,800150600177,78,DW,07,A,06,006,MONFORTE BRICENO GREGORIO E   ,1B,ACTIVO,17W39K ,3,FD2H,11KV,2026-01-01 00:00:00,1,2026-02-09 00:00:00,163,34,25792,18,0,0,0,901,9BBHT,18,145,,,,Error De Lectura,S,,,,,,,,,,,,CAMP
2026-02-01 00:00:00,777090500303,11,DW,01,J,04,112,CHAN ORTIZ MARIA BENITA       ,1C,ACTIVO,47B0D2 ,1,F121,08JL,2026-01-01 00:00:00,1,2026-02-23 00:00:00,385,6279,30918,1559,0,0,0,901,9NNMV,1559,-1174,,,,Error De Lectura,S,,,,,,,,,,,,CAMP
2026-02-01 00:00:00,770210600086,07,DW,01,A,02,073,TELECOMUNUCACIONES DIGITALES  ,02,ACTIVO,566G3C ,2,F622,13LM,2026-01-01 00:00:00,1,2026-02-16 00:00:00,120,7377,34644,1504,56,0,0,904,9NNMV,1504,-1384,NO HAY MEDIDOR,,,Error De Estimacion,S,2026-01-06 09:07:47,0751,R,GA82N,566G3C ,0,Nor,56,NO HAY MEDIDOR,56,S,FACT
2026-02-01 00:00:00,800041200487,39,DW,07,A,05,001,IUIT TZUC PEDRO ALBERTO       ,1B,ACTIVO,8R08G3 ,1,F121,04GG,2026-01-01 00:00:00,1,2026-02-13 00:00:00,155,907,9517,430,0,0,0,901,9BBHT,430,-275,,,,Error De Lectura,S,,,,,,,,,,,,CAMP
2026-02-01 00:00:00,773051002571,15,DW,01,D,01,159,ALEJANDRO RUIZ ROSALES        ,1D,ACTIVO,NT216F ,2,F623,20NU,2026-01-01 00:00:00,1,2026-02-20 00:00:00,0,4022,49828,1121,0,0,0,910,9MCBJ,1121,-1121,,,,Aplic. Prest. Emple.,S,,,,,,,,,,,,FACT
2026-02-01 00:00:00,789820800772,15,DW,04,B,23,152,JUAN LOPEZ ESCAMILLA          ,1F,ACTIVO,7YT561 ,1,F121,00GG,2026-01-01 00:00:00,1,2026-02-03 00:00:00,0,738,33382,426,0,0,70,904,9JRB3,426,-426,,,LECTURA NEGATIVA,Error De Estimacion,S,2026-01-09 08:20:49,1551,R,9MCHU,7YT561 ,99978,Nor,  ,,FR,S,FACT
2026-02-01 00:00:00,789880401524,10,DW,04,B,23,101,MENA CHI PEDRO                ,1F,ACTIVO,6BCN02 ,2,F623,25P2,2025-12-01 00:00:00,1,2026-02-03 00:00:00,7,1988,0,0,0,31,0,901,9JRB3,550,-543,,SERVICIO SIN USO,,Error De Lectura,S,,,,,,,,,,,,CAMP
2026-02-01 00:00:00,796121001542,30,DW,06,A,01,306,FAYNE KAREL FUENTES SOBERANIS ,1C,CORTADO,YJ851F ,2,F623,21NU,2025-12-01 00:00:00,1,2026-02-20 00:00:00,0,3065,29443,932,0,0,0,910,9MCBJ,932,-932,,,,Aplic. Prest. Emple.,S,,,,,,,,,,,,FACT
2026-02-01 00:00:00,315251001023,18,DW,04,B,23,184,ONTIVEROS QUEN SANDRA ELIZABET,1F,ACTIVO,7AUV04 ,2,F623,25P2,2025-12-01 00:00:00,1,2026-02-03 00:00:00,246,715,0,0,0,31,0,901,9JRB3,0,246,,SERVICIO SIN USO,,Error De Lectura,S,2025-12-11 13:34:20,1802,M,9MCJG,7AUV04 ,0,Nor,31,SERVICIO SIN USO,LM,S,CAMP
2026-02-01 00:00:00,789100806625,09,DW,04,B,23,094,RIOS CU VICTOR MANUEL         ,1F,ACTIVO,363MBW ,1,F12J,15MR,2026-01-01 00:00:00,1,2026-02-03 00:00:00,119,690,12383,416,0,0,0,901,9JRB3,416,-297,,,,Error De Lectura,S,,,,,,,,,,,,CAMP
2026-02-01 00:00:00,315160200163,14,DW,04,B,23,143,MARTINEZ CRUZ CARLOS JOAQUIN  ,1F,CORTADO,3BDA73 ,2,F623,25P2,2025-12-01 00:00:00,1,2026-02-03 00:00:00,718,6698,27,27,0,44,0,903,9JRB3,1674,-956,,NUM MEDID DESIGU,,Error Cambio Medidor,S,,,,,,,,,,,,CAMP
2026-02-01 00:00:00,789200800179,22,DW,04,A,01,225,SALVADOR CASTILLO SANTOS      ,1C,ACTIVO,DV161T ,2,F623,19NU,2026-02-01 00:00:00,1,2026-02-26 00:00:00,0,91,48781,669,0,0,0,911,9JRB3,0,0,,,,Car/Cre No Procede,S,,,,,,,,,,,,FACT
2026-02-01 00:00:00,800890300495,18,DW,07,A,05,181,TORRES AY ANDREA MARISOL      ,1B,ACTIVO,608JHW ,2,F622,15LM,2026-02-01 00:00:00,1,2026-02-26 00:00:00,385,2394,50465,741,59,0,0,901,9JR0F,741,-356,DISPLAY APAGADO,,,Error De Lectura,S,2026-02-10 08:13:50,1803,L,9MCAW,608JHW ,0,Nor,59,DISPLAY APAGADO,59,S,CAMP
2026-02-01 00:00:00,796911000465,13,DW,06,A,01,132,RUIZ SANCHEZ POLICARPIO       ,1D,ACTIVO,Y7M205 ,2,F121,91F5,2026-01-01 00:00:00,1,2026-02-04 00:00:00,852,12582,66621,852,0,0,0,901,9JR59,3104,-2252,,,,Error De Lectura,S,2026-01-08 09:03:38,1301,M,9ND4X,Y7M206 ,100547,Nor,  ,,FR,S,CAMP
2026-02-01 00:00:00,789031200078,11,DW,04,B,23,112,VAZQUEZ COLLI GLORIA DEL C    ,1F,ACTIVO,PHL455 ,1,F123,24NX,2026-01-01 00:00:00,1,2026-02-09 00:00:00,124,1074,,,,,,903,9JRB3,496,-372,,,,Error Cambio Medidor,S,2026-01-07 11:39:03,1102,M,9MCHU,9M97C7 ,99862,Nor,  ,,FR,S,CAMP
2026-02-01 00:00:00,789930101381,21,DW,04,B,23,212,MARTINEZ CASTRO FERNANDO      ,1F,ACTIVO,UC899D ,2,F623,21NY,2026-01-01 00:00:00,1,2026-02-09 00:00:00,1361,8494,,,,,,901,9JRB3,2043,-682,,,,Error De Lectura,S,,,,,,,,,,,,CAMP
2026-02-01 00:00:00,811090300782,25,DW,22,B,01,251,MARIA LUCIA MOLINA DE GUILLERM,1D,CORTADO,0AUW59 ,2,F623,25P2,2025-11-01 00:00:00,1,2026-02-03 00:00:00,625,7616,,,,,,903,G08D2,1885,-1260,,,,Error Cambio Medidor,S,,,,,,,,,,,,CAMP
2026-02-01 00:00:00,800120801925,31,DW,07,A,05,272,CASTILLO NOVELO HENRY A       ,1B,ACTIVO,JCW232 ,2,F623,23NU,2026-01-01 00:00:00,1,2026-02-06 00:00:00,129,1078,5701,466,0,0,0,901,9JR0F,466,-337,,,,Error De Lectura,S,,,,,,,,,,,,CAMP
2026-02-01 00:00:00,800980701774,40,DW,07,A,05,321,PEREZ TUN JOSE GUADALUPE      ,1B,ACTIVO,P509LR ,1,F123,18NM,2025-12-01 00:00:00,1,2026-02-23 00:00:00,473,1505,10178,557,0,0,0,901,9JR0F,557,-84,,,,Error De Lectura,S,2025-12-29 22:32:58,4002,M,GAVNM,P509LR ,10557,Nor,  ,,FR,S,CAMP
2026-02-01 00:00:00,800980200112,76,DW,07,A,61,611,GANADERA MAYA S A DE C V      ,09,ACTIVO,V74H78 ,3,F121,94F5,2025-12-01 00:00:00,1,2026-02-06 00:00:00,29,26204,13555,29,0,0,0,901,9JR0F,9975,-9946,,,,Error De Lectura,S,,,,,,,,,,,,CAMP
2026-02-01 00:00:00,812990600320,38,DW,22,C,01,382,ZEFERINO BONIFACIO MALDONADO  ,1B,ACTIVO,5MT189 ,1,F421,99GH,2025-12-01 00:00:00,1,2026-02-04 00:00:00,181,430,29583,303,0,0,0,901,G87AU,303,-122,,,,Error De Lectura,S,,,,,,,,,,,,CAMP
2026-02-01 00:00:00,803831000061,23,DW,07,D,03,212,JORGE ALBERTO MOO SANSORES    ,1C,ACTIVO,9P505C ,1,F121,06JL,2026-01-01 00:00:00,1,2026-02-04 00:00:00,480,10660,49082,2480,0,0,0,901,G87AV,2480,-2000,,,,Error De Lectura,S,,,,,,,,,,,,CAMP
2026-02-01 00:00:00,777140901754,24,DW,01,J,03,243,AGUILAR ECHEVERRIA MARIA ELENA,02,ACTIVO,X135UL ,2,F622,19LM,2025-12-01 00:00:00,1,2026-02-17 00:00:00,740,9650,64066,1861,56,0,0,904,9NNMV,1861,-1121,NO HAY MEDIDOR,,,Error De Estimacion,S,2025-12-16 08:47:54,2402,M,R9950,X135UL ,0,Nor,56,NO HAY MEDIDOR,56,S,FACT
2026-02-01 00:00:00,776021200351,05,DW,01,H,42,052,MARIA DE LOS ANGELES CHAN C   ,1B,ACTIVO,8W714V ,1,F121,06JL,2025-11-01 00:00:00,1,2026-02-12 00:00:00,420,6057,57783,1582,0,0,0,901,G09DW,1582,-1162,,,,Error De Lectura,S,,,,,,,,,,,,CAMP
2026-02-01 00:00:00,812040800519,09,DW,22,C,01,091,JOSE LEONEL CHAVEZ OSORIO     ,1B,ACTIVO,3J530A ,1,F121,05JL,2026-01-01 00:00:00,1,2026-02-09 00:00:00,786,7346,49981,1850,0,0,0,901,G87AU,1850,-1064,,,,Error De Lectura,S,,,,,,,,,,,,CAMP
2026-02-01 00:00:00,318220100316,22,DW,04,H,32,222,HERNANDEZ HERNANDEZ GRACIELA  ,1F,ACTIVO,XE588R ,1,F123,21NT,2025-12-01 00:00:00,1,2026-02-16 00:00:00,293,126,5336,100,0,0,0,904,9NNKH,100,193,,,,Error De Estimacion,S,,,,,,,,,,,,FACT
2026-02-01 00:00:00,789891200385,28,DW,04,B,23,281,CAAMAL NAH MARIA VICTORIA     ,1F,ACTIVO,PBL438 ,1,F123,24NX,2025-12-01 00:00:00,1,2026-02-09 00:00:00,169,4672,,,,,,903,9NNKH,1250,-1081,,,,Error Cambio Medidor,S,,,,,,,,,,,,CAMP
2026-02-01 00:00:00,770081200866,27,DW,01,A,01,274,TUZ COHUO MARIA ALICIA        ,02,ACTIVO,GMN283 ,1,F123,23NX,2025-09-01 00:00:00,1,2026-02-23 00:00:00,180,2740,1789,500,0,0,0,901,9NNMV,500,-320,,,,Error De Lectura,S,,,,,,,,,,,,CAMP
2026-02-01 00:00:00,782150106875,11,DW,12,D,01,114,VAQUIER SALINAS MARIA ESTHER  ,1D,ACTIVO,5AXY16 ,2,F623,25P2,2025-03-01 00:00:00,1,2026-02-16 00:00:00,638,2672,,,,,,904,GE0M9,855,-217,,,,Error De Estimacion,S,2025-03-06 14:10:03,1102,M,GAF1M,02W93H ,0,Nor,60,MEDID NO TRABAJA,60,S,FACT
2026-02-01 00:00:00,772251001165,17,DW,01,C,02,175,SANABRIA QUEZADA JOSE ALBERTO ,1D,ACTIVO,4BCV58 ,2,F623,25P2,2025-11-01 00:00:00,1,2026-02-16 00:00:00,129,4383,16,16,0,0,0,903,9NNMV,863,-734,,,,Error Cambio Medidor,S,,,,,,,,,,,,CAMP
2026-02-01 00:00:00,770081200866,27,DW,01,A,01,274,TUZ COHUO MARIA ALICIA        ,02,ACTIVO,GMN283 ,1,F123,23NX,2026-01-01 00:00:00,1,2026-02-23 00:00:00,177,2527,2854,490,0,0,0,901,9NNMV,490,-313,,,,Error De Lectura,S,,,,,,,,,,,,CAMP
2026-02-01 00:00:00,782220804591,08,DW,12,C,01,083,SOTO DOMINGUEZ EDGAR          ,1D,ACTIVO,6AUN00 ,2,F623,25P2,2025-12-01 00:00:00,1,2026-02-03 00:00:00,579,4947,,,,,,903,GE0N9,1297,-718,,,,Error Cambio Medidor,S,2025-12-04 08:41:01,0803,L,GAE2M,YC266K ,0,Nor,59,DISPLAY APAGADO,59,S,CAMP
2026-02-01 00:00:00,772070602337,21,DW,01,C,02,216,ACOSTA BORGES BLANCA MARISOL  ,02,ACTIVO,7AUF52 ,2,F623,25P2,2026-01-01 00:00:00,1,2026-02-16 00:00:00,1825,23130,2997,2997,0,0,0,901,9NNMV,4822,-2997,,,,Error De Lectura,S,,,,,,,,,,,,CAMP
2026-02-01 00:00:00,772970102054,25,DW,01,C,02,254,ISIDRO CANUL UC               ,1D,ACTIVO,53LU68 ,1,F121,07JL,2025-11-01 00:00:00,1,2026-02-16 00:00:00,23,1949,16341,685,0,0,0,901,9NNMV,685,-662,,,,Error De Lectura,S,,,,,,,,,,,,CAMP
2026-02-01 00:00:00,779040301035,18,DW,01,M,20,181,RUBEN ANTONIO CAAMAL CHIN     ,1B,BAJA SIN MED RET,GCC382 ,1,F123,23NX,2026-02-01 00:00:00,4,2026-02-13 00:00:00,854,40119.019999999997,8654,8646,0,0,0,080,GEYB8,8646,-7792,,,,INACTIVO CANCELACION POR FINIQUITO,S,2026-02-10 11:15:47,1827,L,G92B2,GCC382 ,91354,Nor,44,NUM MEDID DESIGU,44,S,CCC
2026-02-01 00:00:00,783941101342,26,DW,12,D,01,263,MORALES LEON JOSEFINA         ,1D,ACTIVO,7MD661 ,1,F121,98GG,2025-12-01 00:00:00,1,2026-02-16 00:00:00,40,3340,11977,977,0,0,0,901,9NNKU,977,-937,,,,Error De Lectura,S,2025-12-17 11:21:46,2602,M,GA4HN,7MD661 ,99977,Nor,  ,,FR,S,CAMP
2026-02-01 00:00:00,799060600625,24,DW,06,D,14,140,HERNANDEZ ZETINA JESUS A      ,1C,ACTIVO,1AYA29 ,2,F623,25P2,2026-02-01 00:00:00,1,2026-02-17 00:00:00,51,31364,6697,6697,0,31,0,901,9JRFD,6697,-6646,,SERVICIO SIN USO,,Error De Lectura,S,2026-02-13 12:09:14,2427,L,GAT5M,049EGD ,0,Opt,31,SERVICIO SIN USO,,,CAMP
2026-02-01 00:00:00,774870100162,06,DW,01,E,02,063,MIGUEL A MOLINA NARVAEZ       ,1D,ACTIVO,MA672Y ,2,F623,20NU,2026-02-01 00:00:00,1,2026-02-18 00:00:00,283,9106,2109,2109,0,0,0,903,9MC4B,2109,-1826,,,,Error Cambio Medidor,S,2026-01-30 11:11:08,0605,L,9MCBH,WL1621 ,202,Nor,  ,,,,CAMP
2026-02-01 00:00:00,780190301333,39,DW,12,A,01,390,JIMENEZ CAMPOS FRANCISCO      ,1D,ACTIVO,1AUP69 ,2,F623,25P2,2026-01-01 00:00:00,1,2026-02-13 00:00:00,510,2506,773,773,0,0,0,901,9N2AY,799,-289,,,,Error De Lectura,S,,,,,,,,,,,,CAMP
2026-02-01 00:00:00,772860701581,32,DW,01,C,01,326,JOSE H VELA PINZON            ,1D,ACTIVO,29B5D5 ,1,F121,08JL,2025-12-01 00:00:00,1,2026-02-25 00:00:00,0,444,1380,300,0,0,0,901,9MC4B,300,-300,,,,Error De Lectura,S,,,,,,,,,,,,CAMP
2026-02-01 00:00:00,799180200493,74,DW,06,D,48,741,ORTEGA PRADOS JUAN CARLOS     ,67,ACTIVO,J865TE ,3,VL28,17KE,2026-02-01 00:00:00,1,2026-02-26 00:00:00,4480,566,6930,0,0,0,70,901,9JRFD,0,4480,,,LECTURA NEGATIVA,Error De Lectura,S,,,,,,,,,,,,CAMP
2026-02-01 00:00:00,799110300598,35,DW,06,D,13,130,TUN DZUL JORGE ALBERTO        ,1B,ACTIVO,38L4P3 ,1,F12H,09KU,2025-11-01 00:00:00,1,2026-02-10 00:00:00,301,2886,12460,888,0,0,0,901,9JRFD,888,-587,,,,Error De Lectura,S,,,,,,,,,,,,CAMP
2026-02-01 00:00:00,775240200815,37,DW,01,G,04,373,HERNANDEZ MEDINA RACIEL OMAR  ,1B,ACTIVO,PKD159 ,1,F123,24NX,2026-01-01 00:00:00,1,2026-02-23 00:00:00,0,195,577,145,52,0,0,902,9MC4B,145,-145,COMUNICACION INTERRU,,,Sin Consumo,S,2026-01-27 14:05:12,3751,R,R9962,PKD159 ,0,Nor,52,COMUNICACION INTERRU,52,S,FACT
2026-02-01 00:00:00,772150301656,13,DW,01,C,02,132,MARRUFO RUIZ MARIA LETICIA    ,1D,ACTIVO,4W72A2 ,2,F621,04F3,2026-01-01 00:00:00,1,2026-02-05 00:00:00,518,2197,34615,734,0,0,0,901,9MC4B,734,-216,,,,Error De Lectura,S,,,,,,,,,,,,CAMP
2026-02-01 00:00:00,775240200815,37,DW,01,G,04,373,HERNANDEZ MEDINA RACIEL OMAR  ,1B,ACTIVO,PKD159 ,1,F123,24NX,2025-09-01 00:00:00,1,2026-02-23 00:00:00,0,173,577,147,56,0,0,902,9MC4B,147,-147,NO HAY MEDIDOR,,,Sin Consumo,S,2025-09-25 14:59:56,3726,M,9BBEL,PKD159 ,0,Nor,56,NO HAY MEDIDOR,56,S,FACT
2026-02-01 00:00:00,775240200815,37,DW,01,G,04,373,HERNANDEZ MEDINA RACIEL OMAR  ,1B,ACTIVO,PKD159 ,1,F123,24NX,2025-11-01 00:00:00,1,2026-02-23 00:00:00,0,195,577,147,52,0,0,902,9MC4B,147,-147,COMUNICACION INTERRU,,,Sin Consumo,S,2025-11-27 13:09:27,3751,R,9BBMC,PKD159 ,0,Nor,52,COMUNICACION INTERRU,52,S,FACT
2026-02-01 00:00:00,774890600391,13,DW,01,E,02,132,NILMA E ROSADO DE YEPEZ       ,1D,ACTIVO,DW926C ,2,F623,19NU,2025-11-01 00:00:00,1,2026-02-18 00:00:00,1200,7666,,,,,,905,9MC4B,2180,-980,,,,Falla De Medidor,S,,,,,,,,,,,,MED
2026-02-01 00:00:00,774780300154,06,DW,01,E,02,063,FILOMENA MAAS YAH             ,1D,ACTIVO,P5435J ,1,W111,77C0,2026-02-01 00:00:00,1,2026-02-23 00:00:00,390,4022,3412,1121,0,0,0,901,9MC4B,1121,-731,,,,Error De Lectura,S,2026-01-30 16:46:14,0605,L,9JRE3,P5435J ,1121,Nor,  ,,FR,S,CAMP
2026-02-01 00:00:00,801070901776,14,DW,07,B,06,142,MEDINA AGUILAR ANDRES FILIBERT,1B,ACTIVO,0AUB65 ,2,F623,25P2,2026-02-01 00:00:00,1,2026-02-20 00:00:00,519,2537,,,,,,901,9N4C4,771,-252,,,,Error De Lectura,S,2026-02-09 13:22:55,1451,N,GAT3M,65X3B5 ,771,Nor,  ,,LM,S,CAMP
2026-02-01 00:00:00,801090201487,08,DW,07,B,06,803,KUYOC DZIB JUAN RAFAEL        ,1B,ACTIVO,51A4N9 ,1,F121,08JL,2026-02-01 00:00:00,1,2026-02-10 00:00:00,127,28498,25409,6211,0,0,0,901,9N4C4,6211,-6084,,,,Error De Lectura,S,2026-02-03 12:57:38,0802,M,GAT3M,51A4N9 ,6211,Nor,  ,,FR,S,CAMP
2026-02-01 00:00:00,782021105749,03,DW,12,C,01,030,MARTINEZ LIYAN ARMANDO        ,1D,ACTIVO,5AXP80 ,2,F623,25P2,2026-01-01 00:00:00,1,2026-02-06 00:00:00,317,2714,,,,,,904,9N2AY,845,-528,,,,Error De Estimacion,S,2025-12-30 09:37:23,0301,L,GAA7N,14W27H ,0,Nor,60,MEDID NO TRABAJA,60,S,FACT
2026-02-01 00:00:00,801200401347,20,DW,07,B,06,205,CAAMAL CHAY KARLA CELESTE     ,1B,ACTIVO,DB913D ,1,F123,19NM,2026-02-01 00:00:00,1,2026-02-25 00:00:00,303,4800,12358,1313,0,0,0,901,9N4C4,1313,-1010,,,,Error De Lectura,S,,,,,,,,,,,,CAMP
2026-02-01 00:00:00,800250701337,25,DW,07,A,02,023,GUEMEZ CANUL FELIPE REYES     ,1B,ACTIVO,6AAN60 ,2,F623,25NY,2026-01-01 00:00:00,1,2026-02-11 00:00:00,354,2254,1515,726,0,0,0,904,9N4CF,726,-372,,,,Error De Estimacion,S,,,,,,,,,,,,FACT
2026-02-01 00:00:00,801160502421,08,DW,07,B,06,803,ROSAS JOAQUIN ENRIQUETA       ,1B,ACTIVO,036FDF ,1,F122,15LN,2026-02-01 00:00:00,1,2026-02-10 00:00:00,260,1062,20585,462,0,0,0,901,9N4C4,462,-202,,,,Error De Lectura,S,2026-02-03 09:37:08,0802,M,GAT3M,036FDF ,462,Nor,  ,,LM,S,CAMP
2026-02-01 00:00:00,810100905002,15,DW,22,A,01,153,NOVELO VELAZQUEZ TERESITA I   ,1B,ACTIVO,1VF411 ,1,F121,00GG,2026-01-01 00:00:00,1,2026-02-11 00:00:00,0,219949,47397,47397,0,0,0,901,9N4CT,47397,-47397,,,,Error De Lectura,S,,,,,,,,,,,,CAMP
2026-02-01 00:00:00,801130801784,30,DW,07,B,40,404,CHAN KUMUL VITALIANO          ,1C,ACTIVO,609TV8 ,1,F122,12LH,2026-02-01 00:00:00,1,2026-02-25 00:00:00,399,3463,23517,965,0,0,0,901,9N4C4,965,-566,,,,Error De Lectura,S,,,,,,,,,,,,CAMP
2026-02-01 00:00:00,801250801893,14,DW,07,B,06,142,FERNANDEZ SANTOYO RUSSEL ALEXA,1B,ACTIVO,2DVJ97 ,2,F623,25NY,2026-02-01 00:00:00,1,2026-02-20 00:00:00,136,671,910,380,0,0,0,901,9N4C4,380,-244,,,,Error De Lectura,S,2026-02-06 15:36:02,1403,L,9ND1B,2DVJ97 ,380,Nor,  ,,,,CAMP
2026-02-01 00:00:00,801220801503,20,DW,07,B,06,205,CHAY CAMAL MARIA ISABEL       ,02,ACTIVO,YC810T ,2,F623,21NU,2026-02-01 00:00:00,1,2026-02-25 00:00:00,114,4626,1900,935,0,0,0,901,9N4C4,935,-821,,,,Error De Lectura,S,,,,,,,,,,,,CAMP
2026-02-01 00:00:00,808090200086,11,DW,08,E,65,112,CEN PECH VICTORIA MARLENE     ,1B,ACTIVO,25A6C0 ,1,F121,08JL,2026-01-01 00:00:00,1,2026-02-05 00:00:00,347,1630,33667,582,0,0,0,901,9ND17,582,-235,,,,Error De Lectura,S,,,,,,,,,,,,CAMP
2026-02-01 00:00:00,810090908644,06,DW,22,A,02,062,CABRERA CURIEL ISAAC          ,1B,ACTIVO,9W1W82 ,2,F621,02F3,2026-02-01 00:00:00,1,2026-02-04 00:00:00,826,8847,51157,2138,0,0,0,908,9N4CT,2138,-1312,,,,Programa Espefico,S,2026-01-30 10:07:47,0603,M,GA21N,9W1W82 ,2138,Nor,  ,,FR,S,FACT
2026-02-01 00:00:00,810090908644,06,DW,22,A,02,062,CABRERA CURIEL ISAAC          ,1B,ACTIVO,9W1W82 ,2,F621,02F3,2025-12-01 00:00:00,1,2026-02-04 00:00:00,881,778,49019,407,0,0,0,901,9N4CT,407,474,,,,Error De Lectura,S,,,,,,,,,,,,CAMP
2026-02-01 00:00:00,774750300869,06,DW,01,E,02,063,ADOLFO MONTALVO C             ,1D,ACTIVO,C4997V ,1,W111,73C0,2026-02-01 00:00:00,1,2026-02-26 00:00:00,164,1017,5689,486,0,0,0,901,9N4CN,486,-322,,,,Error De Lectura,S,,,,,,,,,,,,CAMP
2026-02-01 00:00:00,802991100341,65,DW,07,C,42,652,REJON HERNANDEZ JORGE ALFONSO ,67,ACTIVO,GGD786 ,3,VL28,22NJ,2026-02-01 00:00:00,1,2026-02-12 00:00:00,9920,72129,62,9920,0,0,0,911,9N4CF,13722,-3802,,,,Car/Cre No Procede,S,2026-02-05 10:11:41,6501,L,9MCCP,GGD786 ,62,Opt,  ,,,,FACT
2026-02-01 00:00:00,808750308713,18,DW,08,E,65,182,SANTIAGO ESCOBEDO M           ,1B,ACTIVO,PCU278 ,1,F123,24NX,2026-02-01 00:00:00,1,2026-02-18 00:00:00,971,5458,,,,,,904,9ND17,1384,-413,,,,Error De Estimacion,S,2026-02-10 09:39:24,1802,M,GAFUM,44KR72 ,1384,Nor,  ,,FR,S,FACT
2026-02-01 00:00:00,811180800440,73,DW,22,B,01,735,INSTITUTO PARTENON  A C       ,67,ACTIVO,PJ098K ,3,VL28,20KE,2026-02-01 00:00:00,1,2026-02-25 00:00:00,7120,607,3651,0,0,0,70,901,9N4CT,0,7120,,,LECTURA NEGATIVA,Error De Lectura,S,2026-02-17 10:10:53,7301,L,9NCT6,PJ098K ,64499,Nor,  ,,FR,S,CAMP
2026-02-01 00:00:00,810090908644,06,DW,22,A,02,062,CABRERA CURIEL ISAAC          ,1B,ACTIVO,9W1W82 ,2,F621,02F3,2025-10-01 00:00:00,1,2026-02-04 00:00:00,838,58,48612,0,0,31,0,901,9N4CT,0,838,,SERVICIO SIN USO,,Error De Lectura,S,2025-10-02 10:02:16,0603,M,9JR5N,9W1W82 ,0,Nor,31,SERVICIO SIN USO,,,CAMP
2026-02-01 00:00:00,770761200224,23,DW,01,A,02,230,JOSE C CHALE Y SILVIA G       ,02,ACTIVO,28CM65 ,1,F129,06JJ,2026-01-01 00:00:00,1,2026-02-18 00:00:00,0,300,912,40,0,0,0,901,9N4CG,40,-40,,,,Error De Lectura,S,,,,,,,,,,,,CAMP
2026-02-01 00:00:00,771110702571,04,DW,01,B,02,046,FAVELA LOZANO SHANTAL ALEJANDR,1D,ACTIVO,N800DD ,2,F622,18LM,2025-12-01 00:00:00,1,2026-02-23 00:00:00,343,13510,,,,,,903,9N4CN,3214,-2871,,,,Error Cambio Medidor,S,,,,,,,,,,,,CAMP
2026-02-01 00:00:00,770860901056,22,DW,01,A,01,221,PEDRE SALAZAR MARIBEL DE LOS M,1D,ACTIVO,KKY326 ,2,F623,23NU,2025-12-01 00:00:00,1,2026-02-18 00:00:00,297,1909,,,,,,901,9N4CN,675,-378,,,,Error De Lectura,S,,,,,,,,,,,,CAMP
2026-02-01 00:00:00,771110702571,04,DW,01,B,02,046,FAVELA LOZANO SHANTAL ALEJANDR,1D,ACTIVO,N800DD ,2,F622,18LM,2025-10-01 00:00:00,1,2026-02-23 00:00:00,1737,8667,,,,,,903,9N4CN,2732,-995,,,,Error Cambio Medidor,S,,,,,,,,,,,,CAMP
2026-02-01 00:00:00,771050203880,29,DW,01,B,01,293,BORGES PECH DOMINGO ANTONIO   ,1D,ACTIVO,3AAF70 ,2,F623,25NY,2025-11-01 00:00:00,1,2026-02-19 00:00:00,577,132653,,,,,,905,9N4CN,29540,-28963,,,,Falla De Medidor,S,,,,,,,,,,,,MED
2026-02-01 00:00:00,771050802554,26,DW,01,B,02,262,SOTELO VALENCIA RODOLFO       ,1D,ACTIVO,9E63T1 ,2,F621,03F3,2025-12-01 00:00:00,1,2026-02-09 00:00:00,959,7940,39918,1988,0,0,0,901,9N4CN,1988,-1029,,,,Error De Lectura,S,,,,,,,,,,,,CAMP
2026-02-01 00:00:00,771141003239,36,DW,01,B,01,366,ARRIGUNAGA LOPEZ RICARDO      ,1D,ACTIVO,4AUW44 ,2,F623,25P2,2025-12-01 00:00:00,1,2026-02-03 00:00:00,0,4573,2599,1247,0,0,0,903,9N4CN,1247,-1247,,,,Error Cambio Medidor,S,,,,,,,,,,,,CAMP
2026-02-01 00:00:00,771020903011,37,DW,01,B,01,376,LEON FLOTA ALFONSO            ,1D,ACTIVO,6BCR65 ,2,F623,25P2,2026-01-01 00:00:00,1,2026-02-23 00:00:00,139,12725,702,702,0,0,0,903,9N4CN,3029,-2890,,,,Error Cambio Medidor,S,2026-01-26 11:20:58,3705,M,9ND4Y,JCN955 ,-79206,Opt,  ,,,,CAMP
2026-02-01 00:00:00,802121100028,28,DW,07,C,01,281,DZIB DZUL FELIPE              ,02,BAJA,,2,,,2025-10-01 00:00:00,1,2026-02-19 00:00:00,0,3301,,,,,,901,9ND9V,610,-610,,,,Error De Lectura,S,,,,,,,,,,,,CAMP
2026-02-01 00:00:00,771210602361,16,DW,01,B,02,168,CAMACHO BALCAZAR ROSA EUGENIA ,1D,ACTIVO,JFY474 ,2,F623,23NU,2026-02-01 00:00:00,1,2026-02-24 00:00:00,441,2581,9414,813,50,0,0,904,9N4CN,813,-372,CASA CERRADA,,,Error De Estimacion,S,2026-02-10 11:47:05,1651,R,9JRF3,JFY474 ,0,Nor,50,CASA CERRADA,50,S,FACT
2026-02-01 00:00:00,802121100028,28,DW,07,C,01,281,DZIB DZUL FELIPE              ,02,BAJA,,2,,,2025-12-01 00:00:00,1,2026-02-19 00:00:00,0,2591,,,,,,901,9ND9V,485,-485,,,,Error De Lectura,S,,,,,,,,,,,,CAMP
2026-02-01 00:00:00,773930601704,13,DW,01,D,01,133,ELIAS JOSUE BASTO             ,1D,ACTIVO,385EGE ,1,F122,15LN,2026-01-01 00:00:00,1,2026-02-06 00:00:00,677,67,33225,14,0,0,0,901,9N4CN,14,663,,,,Error De Lectura,S,,,,,,,,,,,,CAMP
2026-02-01 00:00:00,771151200636,31,DW,01,B,01,316,GARCIA AVILA MARIA DE LOURDES ,1D,ACTIVO,5AXW50 ,2,F623,25P2,2026-01-01 00:00:00,1,2026-02-13 00:00:00,666,15680,122,122,0,0,0,903,9N4CN,3677,-3011,,,,Error Cambio Medidor,S,2026-01-21 09:17:19,3103,M,GA0MN,5AXW50 ,122,Opt,  ,,,,CAMP
2026-02-01 00:00:00,802121100028,28,DW,07,C,01,281,DZIB DZUL FELIPE              ,02,BAJA,,2,,,2025-08-01 00:00:00,1,2026-02-19 00:00:00,0,3933,,,,,,901,9ND9V,727,-727,,,,Error De Lectura,S,,,,,,,,,,,,CAMP
2026-02-01 00:00:00,771910800538,07,DW,01,B,01,071,ANTONIO BUSTILLOS             ,1D,ACTIVO,JBB051 ,2,F623,23NU,2026-01-01 00:00:00,1,2026-02-06 00:00:00,796,7149,,,,,,901,9N4CN,1808,-1012,,,,Error De Lectura,S,,,,,,,,,,,,CAMP
2026-02-01 00:00:00,777750612487,32,DW,01,J,46,321,ABSALON MAY COB               ,1C,ACTIVO,C7594D ,1,C111,738V,2025-12-01 00:00:00,1,2026-02-03 00:00:00,137,4079,7991,1137,0,0,0,901,9N4CN,1137,-1000,,,,Error De Lectura,S,,,,,,,,,,,,CAMP
2026-02-01 00:00:00,802121100028,28,DW,07,C,01,281,DZIB DZUL FELIPE              ,02,BAJA,,2,,,2025-06-01 00:00:00,1,2026-02-19 00:00:00,0,3700,,,,,,901,9ND9V,733,-733,,,,Error De Lectura,S,,,,,,,,,,,,CAMP
2026-02-01 00:00:00,796080403118,12,DW,06,A,01,121,ITZA MEX VICTOR               ,1D,ACTIVO,PCL853 ,1,F123,24NX,2026-02-01 00:00:00,1,2026-02-12 00:00:00,451,5254,,,,,,901,9NNK8,1451,-1000,,,,Error De Lectura,S,2026-02-05 11:43:52,1203,M,9P14T,52KR81 ,1451,Nor,41,CRISTAL ROTO,41,S,CAMP
2026-02-01 00:00:00,796980301108,12,DW,06,A,01,122,CAMARA MONTEJO ELOIDA R       ,1D,ACTIVO,6AUE65 ,2,F623,25P2,2026-02-01 00:00:00,1,2026-02-20 00:00:00,543,3920,609,609,0,0,0,903,9NNK8,1152,-609,,,,Error Cambio Medidor,S,2026-02-05 09:09:44,1201,M,9ND4X,RDF733 ,542,Opt,  ,,,,CAMP
2026-02-01 00:00:00,782940101041,19,DW,12,C,01,192,LUZ ANGELICA MARTIN           ,1D,ACTIVO,139RJ2 ,2,F622,12LJ,2026-01-01 00:00:00,1,2026-02-03 00:00:00,353,2339,40888,764,0,0,0,901,9NNKK,764,-411,,,,Error De Lectura,S,,,,,,,,,,,,CAMP
2026-02-01 00:00:00,773250402189,11,DW,01,D,01,110,XOOL ALEJOS MANUEL JESUS      ,1D,ACTIVO,PKL923 ,1,F123,24NX,2025-11-01 00:00:00,1,2026-02-11 00:00:00,585,9455,,,,,,901,9NNM0,2582,-1997,,,,Error De Lectura,S,,,,,,,,,,,,CAMP
2026-02-01 00:00:00,796040300600,08,DW,06,A,01,081,QUINTERO ESCALANTE MARIA E    ,1D,ACTIVO,1K23L1 ,1,F121,03GG,2026-02-01 00:00:00,1,2026-02-13 00:00:00,143,323,27299,238,0,0,0,901,9NNK8,238,-95,,,,Error De Lectura,S,2026-02-03 14:21:39,0801,M,9MCJT,1K23L1 ,238,Nor,  ,,,,CAMP
2026-02-01 00:00:00,783970300524,15,DW,12,C,01,154,ROSALES LOPEZ HORTENCIA       ,1D,ACTIVO,L57J78 ,1,F421,93F8,2026-01-01 00:00:00,1,2026-02-03 00:00:00,402,3529,13769,1014,0,0,0,901,9NNKK,1014,-612,,,,Error De Lectura,S,,,,,,,,,,,,CAMP
2026-02-01 00:00:00,796251200521,29,DW,06,A,01,293,DOMINGUEZ CASTRI NOEMI DE LOS ,1D,ACTIVO,JCD816 ,2,F623,23NU,2026-01-01 00:00:00,1,2026-02-17 00:00:00,76,16451,3755,3755,0,0,0,901,9NNK8,3755,-3679,,,,Error De Lectura,S,,,,,,,,,,,,CAMP
2026-02-01 00:00:00,795040300476,29,DW,05,A,01,297,MENDICUTI VILLACIS CARLOS A   ,1F,ACTIVO,8V02J3 ,2,F421,04GH,2026-01-01 00:00:00,1,2026-02-06 00:00:00,306,4959,2736,1306,0,0,0,901,9NNK1,1306,-1000,,,,Error De Lectura,S,,,,,,,,,,,,CAMP
2026-02-01 00:00:00,795231200773,01,DW,05,A,02,017,BAEZA FUENTES EVA             ,1F,ACTIVO,JAK416 ,2,F623,23NU,2026-01-01 00:00:00,1,2026-02-11 00:00:00,401,11440,2668,2666,0,0,0,906,9NNK1,2666,-2265,,,,Error De Sistema,S,2025-12-30 12:42:13,0326,M,GA06N,JAK416 ,0,Nor,31,SERVICIO SIN USO,LM,S,FACT
2026-02-01 00:00:00,773970800963,20,DW,01,D,01,200,JOSE LUIS MONTERO             ,1D,ACTIVO,2ATP85 ,2,F623,25P2,2025-12-01 00:00:00,1,2026-02-03 00:00:00,1085,333,,,,,,905,9NNM0,232,853,,,,Falla De Medidor,S,,,,,,,,,,,,MED
2026-02-01 00:00:00,773090410121,40,DW,01,D,04,405,GONZALEZ PACHECO FELIPE DE JES,1C,ACTIVO,23TJ58 ,1,F121,08JL,2025-12-01 00:00:00,1,2026-02-11 00:00:00,545,6259,29855,1560,0,0,0,901,9NNM0,1560,-1015,,,,Error De Lectura,S,,,,,,,,,,,,CAMP
2026-02-01 00:00:00,773981102907,03,DW,01,D,01,030,VALDEZ AGUILAR RICARDO ALFONSO,1D,ACTIVO,7HV606 ,2,F421,98GH,2026-01-01 00:00:00,1,2026-02-11 00:00:00,369,2502,72734,800,0,0,0,901,9NNM0,800,-431,,,,Error De Lectura,S,,,,,,,,,,,,CAMP
2026-02-01 00:00:00,773180202608,17,DW,01,D,01,171,HERRERA VELA JO SE M          ,02,BAJA,,1,,,2026-01-01 00:00:00,1,2026-02-11 00:00:00,0,2582,,,,,,904,9NNM0,501,-501,,,,Error De Estimacion,S,2026-01-12 13:50:01,1701,M,9BBR3,PHN251 ,0,Nor,59,DISPLAY APAGADO,59,S,FACT
2026-02-01 00:00:00,804750309188,04,DW,08,A,01,041,PINO Y CASTRO MARIA DE LOS ANG,1B,ACTIVO,63X02K ,1,F12H,11KU,2026-02-01 00:00:00,1,2026-02-20 00:00:00,37,4290,31768,1141,59,0,0,904,9N4CD,1141,-1104,DISPLAY APAGADO,,,Error De Estimacion,S,2026-01-29 08:31:06,0401,L,9JRAU,63X02K ,0,Nor,59,DISPLAY APAGADO,59,S,FACT
2026-02-01 00:00:00,804250500647,06,DW,08,A,07,062,CAPISTRAN SOSA ENRIQUE        ,1B,ACTIVO,6AAY08 ,2,F623,25NY,2026-02-01 00:00:00,1,2026-02-20 00:00:00,154,4819,1690,1253,0,0,0,901,9N4CD,1253,-1099,,,,Error De Lectura,S,2026-01-30 10:36:36,0626,M,9JR2G,6AAY08 ,1253,Opt,  ,,,,CAMP
2026-02-01 00:00:00,795950501335,06,DW,05,A,01,062,MERAZ RODRIGUEZ MARIA DEL C   ,1F,ACTIVO,RAY920 ,2,F623,24NY,2026-02-01 00:00:00,1,2026-02-23 00:00:00,1364,35809,13672,7737,0,0,0,903,9NNK1,7737,-6373,,,,Error Cambio Medidor,S,2026-01-30 09:38:43,0602,M,9JRBH,RAY920 ,7737,Nor,  ,,FR,S,CAMP
2026-02-01 00:00:00,770950200545,18,DW,01,A,01,184,MAY OSORIO LORENA             ,1D,ACTIVO,6B239V ,2,F621,04F3,2025-12-01 00:00:00,1,2026-02-24 00:00:00,787,7090,18453,1801,0,0,0,901,9NNM0,1801,-1014,,,,Error De Lectura,S,,,,,,,,,,,,CAMP
2026-02-01 00:00:00,805060101084,17,DW,08,B,63,171,MENDEZ MARTINEZ LUCINA        ,1B,ACTIVO,2J471R ,1,F121,05JL,2026-01-01 00:00:00,1,2026-02-09 00:00:00,0,2087,17320,678,0,0,0,901,9NNK2,678,-678,,,,Error De Lectura,S,2026-01-12 08:51:45,1701,L,9EMGF,2J471R ,1,Nor,31,SERVICIO SIN USO,,,CAMP
2026-02-01 00:00:00,805090300693,06,DW,08,B,66,063,CELIS MARRUFO PEDRO PABLO     ,02,ACTIVO,PJ547F ,3,KL28,20KE,2026-02-01 00:00:00,1,2026-02-24 00:00:00,0,4027,32116,793,56,0,0,904,9NNK2,793,-793,NO HAY MEDIDOR,,,Error De Estimacion,S,2026-01-30 11:25:24,0628,M,9ND0M,PJ547F ,0,Nor,56,NO HAY MEDIDOR,56,S,FACT
2026-02-01 00:00:00,810020601282,31,DW,22,A,02,316,GERARDO VELASCO MORALES       ,1B,ACTIVO,7AUU15 ,2,F623,25P2,2026-01-01 00:00:00,1,2026-02-12 00:00:00,287,11732,212,199,0,0,0,901,9N4CK,2762,-2475,,,,Error De Lectura,S,,,,,,,,,,,,CAMP
2026-02-01 00:00:00,810170503033,33,DW,22,A,02,337,MUNOZ RAMIREZ MARGARITA       ,02,ACTIVO,636VXK ,1,F122,16LN,2026-01-01 00:00:00,1,2026-02-11 00:00:00,0,1002,8690,186,60,0,0,901,9NNKA,186,-186,MEDID NO TRABAJA,,,Error De Lectura,S,2026-01-22 08:21:31,3306,L,9MC60,636VXK ,0,Opt,60,MEDID NO TRABAJA,60,S,CAMP
2026-02-01 00:00:00,810131006987,15,DW,22,A,01,153,SOLIS CAMARA JOSE JESUS       ,1B,ACTIVO,412MCU ,1,F12J,15MR,2026-01-01 00:00:00,1,2026-02-05 00:00:00,292,8618,10712,2089,0,0,0,901,9NNKA,2089,-1797,,,,Error De Lectura,S,,,,,,,,,,,,CAMP
2026-02-01 00:00:00,811250701088,15,DW,22,B,01,156,MORALES ZOZAYA TOMAS ISIDRO   ,1D,ACTIVO,JAV383 ,2,F623,23NU,2026-01-01 00:00:00,1,2026-02-09 00:00:00,1714,29309,26974,6119,0,0,0,907,G08D2,6119,-4405,,,,Error Finiquito,S,,,,,,,,,,,,CCC
2026-02-01 00:00:00,782021000696,26,DW,12,C,01,262,LOPEZ GARCIA MARIA IRMA       ,1D,ACTIVO,4R4H76 ,1,F121,01GG,2025-12-01 00:00:00,1,2026-02-18 00:00:00,365,5179,98984,1365,0,0,0,901,9JRC3,1365,-1000,,,,Error De Lectura,S,,,,,,,,,,,,CAMP
2026-02-01 00:00:00,811140400627,34,DW,22,B,01,342,CEN NAJERA LUCY ERNESTINA     ,1D,CORTADO,866G7E ,2,F622,13LM,2025-12-01 00:00:00,1,2026-02-24 00:00:00,651,3160,44080,939,0,0,0,901,G08D2,939,-288,,,,Error De Lectura,S,,,,,,,,,,,,CAMP
2026-02-01 00:00:00,770250900597,23,DW,01,A,02,231,MUNICIPIODE MERIDA YUCATAN    ,02,CORTADO,0BCF72 ,2,F623,25P2,2026-01-01 00:00:00,1,2026-02-03 00:00:00,108,727,199,108,0,0,0,906,9N4CG,108,0,,,,Error De Sistema,S,,,,,,,,,,,,FACT
2026-02-01 00:00:00,781930100431,01,DW,12,B,01,010,CAAMAL NOH GREGORIO           ,1D,ACTIVO,PCC429 ,1,F123,24NX,2026-01-01 00:00:00,1,2026-02-19 00:00:00,90,3738,,,,,,901,9N4C0,1064,-974,,,,Error De Lectura,S,,,,,,,,,,,,CAMP
2026-02-01 00:00:00,781221100320,25,DW,12,B,01,026,CAAMAL CHIMAL ESTEBAN         ,1D,ACTIVO,7BCY80 ,2,F623,25P2,2025-11-01 00:00:00,1,2026-02-06 00:00:00,266,2535,,,,,,901,9N4C0,809,-543,,,,Error De Lectura,S,,,,,,,,,,,,CAMP
2026-02-01 00:00:00,770750214762,21,DW,01,A,02,212,MIR RODRIGUEZ JOSE MARIA      ,1D,ACTIVO,067946 ,1,W101,6000,2026-01-01 00:00:00,1,2026-02-16 00:00:00,334,2582,9600,815,0,0,0,901,9N4CG,815,-481,,,,Error De Lectura,S,,,,,,,,,,,,CAMP
2026-02-01 00:00:00,780080501850,12,DW,12,A,01,121,MUJICA   LUIS FERNANDO        ,1D,ACTIVO,52D4B2 ,2,F421,08KF,2026-02-01 00:00:00,1,2026-02-24 00:00:00,516,5411,86951,1406,0,0,0,901,9MCC2,1406,-890,,,,Error De Lectura,S,,,,,,,,,,,,CAMP
2026-02-01 00:00:00,781221100320,25,DW,12,B,01,026,CAAMAL CHIMAL ESTEBAN         ,1D,ACTIVO,7BCY80 ,2,F623,25P2,2026-01-01 00:00:00,1,2026-02-06 00:00:00,253,869,,,,,,901,9N4C0,455,-202,,,,Error De Lectura,S,2026-01-16 13:47:00,2502,L,GATKM,DBV344 ,99710,Opt,  ,,,,CAMP
2026-02-01 00:00:00,780790800261,11,DW,12,A,01,110,AGUSTIN MORON SUAREZ          ,1D,ACTIVO,8AXP87 ,2,F623,25P2,2026-01-01 00:00:00,1,2026-02-11 00:00:00,6,4010,,,,,,904,9MCC2,1115,-1109,,,,Error De Estimacion,S,2026-01-07 10:36:39,1101,M,GA4GN,D52T76 ,0,Nor,61,MANECILLAS DESCA,61,S,FACT
2026-02-01 00:00:00,781850700151,18,DW,12,B,01,220,EDUARDO RAMIREZ ORTIZ         ,1D,ACTIVO,29UG40 ,1,F121,08JL,2025-12-01 00:00:00,1,2026-02-09 00:00:00,971,8132,44295,1988,0,0,0,901,9N4C0,1988,-1017,,,,Error De Lectura,S,2025-12-11 12:33:04,1801,M,9NCX2,29UG40 ,3988,Nor,  ,,FR,S,CAMP
2026-02-01 00:00:00,783091100881,30,DW,12,A,01,300,CARRERA TORRES ADALBERTO      ,1D,ACTIVO,03LV28 ,1,F121,07JL,2026-02-01 00:00:00,1,2026-02-26 00:00:00,50,68,4498,1,0,0,0,901,9MCC2,1,49,,,,Error De Lectura,S,,,,,,,,,,,,CAMP
2026-02-01 00:00:00,783080902021,16,DW,12,D,01,162,PORTILLA RIVEROS JESUS ADAN   ,1D,ACTIVO,19C5J3 ,2,F621,08KG,2026-02-01 00:00:00,1,2026-02-23 00:00:00,360,5191,42577,1360,0,0,0,901,9MCC2,1360,-1000,,,,Error De Lectura,S,2026-02-09 13:56:32,1603,M,GAF1M,19C5J3 ,1360,Nor,  ,,FR,S,CAMP
2026-02-01 00:00:00,770250900597,23,DW,01,A,02,231,MUNICIPIODE MERIDA YUCATAN    ,02,CORTADO,0BCF72 ,2,F623,25P2,2025-11-01 00:00:00,1,2026-02-03 00:00:00,91,3603,91,91,0,0,0,906,9N4CG,91,0,,,,Error De Sistema,S,,,,,,,,,,,,FACT
2026-02-01 00:00:00,770240400561,14,DW,01,A,01,144,CASTRO AYORA MARIO ALEJANDRO  ,02,CORTADO,JBC398 ,2,F623,23NU,2025-12-01 00:00:00,1,2026-02-09 00:00:00,0,7842,10344,1545,56,0,0,904,9N4CG,1545,-1545,NO HAY MEDIDOR,,,Error De Estimacion,S,2025-12-10 11:13:06,1451,R,GA0MN,JBC398 ,0,Nor,56,NO HAY MEDIDOR,56,S,FACT
2026-02-01 00:00:00,774911101586,23,DW,01,E,02,238,GILMER G COHUO PUC            ,1D,ACTIVO,0BCF11 ,2,F623,25P2,2026-01-01 00:00:00,1,2026-02-10 00:00:00,465,10623,2453,2453,0,0,0,906,9N4CG,2487,-2022,,,,Error De Sistema,S,,,,,,,,,,,,FACT
2026-02-01 00:00:00,810140210015,36,DW,22,A,02,362,SANDOVAL DIAZ FRANCISCO MIGUEL,1B,ACTIVO,J713EH ,2,F62J,17L2,2025-12-01 00:00:00,1,2026-02-24 00:00:00,0,1679,2950,601,0,0,0,901,9MCCM,601,-601,,,,Error De Lectura,S,,,,,,,,,,,,CAMP
2026-02-01 00:00:00,783140903137,31,DW,12,D,01,317,CASTILLO CRUZ ANTONIO         ,1D,ACTIVO,5XH431 ,2,F621,00F3,2026-01-01 00:00:00,1,2026-02-04 00:00:00,244,1179,30415,520,0,0,0,901,9N4C6,520,-276,,,,Error De Lectura,S,,,,,,,,,,,,CAMP
2026-02-01 00:00:00,770750305377,07,DW,01,A,02,074,JOSE MENDOZA                  ,1D,ACTIVO,039221 ,1,W101,6000,2026-01-01 00:00:00,1,2026-02-06 00:00:00,213,2287,571,753,0,44,0,901,9N4CG,753,-540,,NUM MEDID DESIGU,,Error De Lectura,S,,,,,,,,,,,,CAMP
2026-02-01 00:00:00,770960600088,06,DW,01,A,01,061,ABELARDO AXLE                 ,1D,ACTIVO,A178K7 ,1,F121,94F5,2025-12-01 00:00:00,1,2026-02-23 00:00:00,0,1553,1192,600,0,0,0,901,9N4CG,600,-600,,,,Error De Lectura,S,,,,,,,,,,,,CAMP
2026-02-01 00:00:00,779210501581,35,DW,01,M,02,357,CARLOS MANUEL CANTO QUIJANO   ,1C,ACTIVO,JCH353 ,2,F623,23NU,2026-01-01 00:00:00,1,2026-02-03 00:00:00,0,1959,13820,684,0,0,0,910,9MCBJ,684,-684,,,,Aplic. Prest. Emple.,S,,,,,,,,,,,,FACT
2026-02-01 00:00:00,779210501581,35,DW,01,M,02,357,CARLOS MANUEL CANTO QUIJANO   ,1C,ACTIVO,JCH353 ,2,F623,23NU,2025-11-01 00:00:00,1,2026-02-03 00:00:00,0,3263,13136,963,0,0,0,910,9MCBJ,963,-963,,,,Aplic. Prest. Emple.,S,,,,,,,,,,,,FACT
2026-02-01 00:00:00,812050800029,06,DW,22,C,01,062,RODRIGUEZ PICHARDO CRECENCIO  ,02,ACTIVO,4B189P ,2,F621,04F3,2025-12-01 00:00:00,1,2026-02-03 00:00:00,15,5091,79949,1015,0,0,0,901,9MCCM,1015,-1000,,,,Error De Lectura,S,,,,,,,,,,,,CAMP
2026-02-01 00:00:00,812031000623,36,DW,22,C,01,362,GALICIA                       ,02,ACTIVO,8E75M5 ,2,F621,03F3,2025-12-01 00:00:00,1,2026-02-24 00:00:00,694,11874,45900,2394,0,0,0,901,9MCCM,2394,-1700,,,,Error De Lectura,S,,,,,,,,,,,,CAMP
2026-02-01 00:00:00,771940903340,34,DW,01,B,01,346,ARIMATEA CHAN                 ,1D,ACTIVO,77W4W6 ,2,F62H,09KN,2025-12-01 00:00:00,1,2026-02-09 00:00:00,214,1601,16602,610,0,0,0,901,9N4CG,610,-396,,,,Error De Lectura,S,,,,,,,,,,,,CAMP
2026-02-01 00:00:00,810990101142,15,DW,22,A,01,154,IGLESIACRISTIANAMUNDODEFE AR  ,02,ACTIVO,MU719D ,3,KL28,20KE,2026-01-01 00:00:00,1,2026-02-20 00:00:00,1836,9271,30843,1892,56,0,0,904,9MCF1,1892,-56,NO HAY MEDIDOR,,,Error De Estimacion,S,2026-01-09 12:41:33,1553,N,9JR5N,MU719D ,0,Nor,56,NO HAY MEDIDOR,56,S,FACT
2026-02-01 00:00:00,810201118851,33,DW,22,A,01,332,AGUILAR ACOSTA ADRIANA ISABEL ,1B,ACTIVO,NK034K ,2,F623,20NU,2026-01-01 00:00:00,1,2026-02-04 00:00:00,0,2533,26068,783,0,0,70,904,9MCF1,783,-783,,,LECTURA NEGATIVA,Error De Estimacion,S,2026-01-22 10:59:10,3301,L,9MCKU,NK034K ,99597,Nor,  ,,FR,S,FACT
2026-02-01 00:00:00,783120701872,02,DW,12,D,01,021,TUN BALAM CARLOS ENRIQUE      ,1D,ACTIVO,70JD98 ,1,F121,07JL,2026-02-01 00:00:00,1,2026-02-13 00:00:00,271,827,42000,446,0,0,0,901,9N2AU,446,-175,,,,Error De Lectura,S,2026-01-28 09:23:36,0201,M,GAF1M,70JD98 ,446,Nor,  ,,,,CAMP
2026-02-01 00:00:00,782111201283,11,DW,12,D,01,115,ROSAS ZAMORANO JANET DEL CARME,1D,ACTIVO,15X0F7 ,2,F62F,09K6,2026-01-01 00:00:00,1,2026-02-11 00:00:00,827,4409,35681,1199,0,0,0,901,9N2AU,1199,-372,,,,Error De Lectura,S,2026-01-07 07:49:54,1103,M,GAE2M,15X0F7 ,0,Nor,60,MEDID NO TRABAJA,60,S,CAMP
2026-02-01 00:00:00,775770400076,26,DW,01,G,01,262,NIDELVIA E MALDONADO          ,1B,ACTIVO,PAV826 ,1,F123,24NX,2025-10-01 00:00:00,1,2026-02-23 00:00:00,3,3323,,,,,,901,9N4CE,1003,-1000,,,,Error De Lectura,S,,,,,,,,,,,,CAMP
2026-02-01 00:00:00,810060906426,06,DW,22,A,02,063,RAMOS AYALA ROXANA BINUI      ,02,ACTIVO,PCP437 ,1,F123,24NX,2026-02-01 00:00:00,1,2026-02-13 00:00:00,485,7299,0,0,0,0,0,903,9N4C2,1485,-1000,,,,Error Cambio Medidor,S,2026-01-30 08:03:56,0604,L,9MC4Y,2J779R ,476,Nor,  ,,,,CAMP
2026-02-01 00:00:00,775961200042,29,DW,01,G,02,292,HAGER JACK LAYNE              ,1B,ACTIVO,FT838R ,2,F622,19LM,2025-11-01 00:00:00,1,2026-02-23 00:00:00,0,17459,30444,7332,0,0,0,901,9N4CE,4056,-4056,,,,Error De Lectura,S,,,,,,,,,,,,CAMP
2026-02-01 00:00:00,775960400439,17,DW,01,G,01,173,MARICELA REJON DE T           ,1B,ACTIVO,PAW269 ,1,F123,24NX,2026-01-01 00:00:00,1,2026-02-23 00:00:00,0,1530,0,316,56,0,0,904,9N4CE,561,-561,NO HAY MEDIDOR,,,Error De Estimacion,S,2026-01-12 14:03:09,1701,M,9BBEL,PAW269 ,0,Nor,56,NO HAY MEDIDOR,56,S,FACT
2026-02-01 00:00:00,775040901266,29,DW,01,G,02,293,VALLE RODRIGUEZ LIGIA MARIA   ,1B,ACTIVO,2Y24N6 ,1,F121,04GG,2026-01-01 00:00:00,1,2026-02-11 00:00:00,159,4375,29931,1159,0,0,0,901,9N4CE,1159,-1000,,,,Error De Lectura,S,,,,,,,,,,,,CAMP
2026-02-01 00:00:00,793770100437,10,DW,04,F,19,101,LUIS VACA AYALA               ,1F,ACTIVO,81LJ72 ,1,F121,07JL,2025-12-01 00:00:00,1,2026-02-06 00:00:00,315,1160,16795,515,0,0,0,901,9NNKH,515,-200,,,,Error De Lectura,S,,,,,,,,,,,,CAMP
2026-02-01 00:00:00,775150501301,27,DW,01,G,01,271,GUZMAN MARTINEZ WILFRIDO      ,1B,ACTIVO,XMM665 ,1,F123,24NX,2025-11-01 00:00:00,1,2026-02-04 00:00:00,185,2388,,,,,,903,9N4CE,745,-560,,,,Error Cambio Medidor,S,,,,,,,,,,,,CAMP
2026-02-01 00:00:00,315250500964,29,DW,04,B,23,291,ALVAREZ OCAMPO MARIA DE LOURDE,1F,ACTIVO,LU239L ,2,F623,20NU,2026-01-01 00:00:00,1,2026-02-06 00:00:00,1004,9070,2250,2163,0,0,0,906,9NNKH,2163,-1159,,,,Error De Sistema,S,,,,,,,,,,,,FACT
2026-02-01 00:00:00,783020700143,11,DW,12,C,01,112,RICALDE CASTRO JESUS          ,1D,BAJA,,1,,,2026-01-01 00:00:00,1,2026-02-13 00:00:00,0,3306,,,,,,906,9N2AU,762,-762,,,,Error De Sistema,S,,,,,,,,,,,,FACT
2026-02-01 00:00:00,775850500161,19,DW,01,G,01,192,JOSE SOSA CHAVEZ              ,1B,ACTIVO,WG8094 ,1,F121,86EG,2026-01-01 00:00:00,1,2026-02-11 00:00:00,329,1854,1710,629,0,0,0,901,9N4CE,629,-300,,,,Error De Lectura,S,,,,,,,,,,,,CAMP
2026-02-01 00:00:00,775980902252,18,DW,01,G,01,181,ANSELMO DIB TREJO             ,1B,ACTIVO,0G49A4 ,2,F621,03F3,2026-02-01 00:00:00,1,2026-02-23 00:00:00,102,2208,89788,702,0,0,0,901,9N4CE,702,-600,,,,Error De Lectura,S,2026-02-10 11:22:44,1802,L,9BBMC,0G49A4 ,702,Nor,  ,,,,CAMP
2026-02-01 00:00:00,789940601943,07,DW,04,A,01,074,PALOMO ARROYO RAUL            ,1F,ACTIVO,8BCH02 ,2,F623,25P2,2026-01-01 00:00:00,1,2026-02-12 00:00:00,252,4537,,,,,,903,9NNKH,1218,-966,,,,Error Cambio Medidor,S,,,,,,,,,,,,CAMP
2026-02-01 00:00:00,789920703499,68,DW,04,B,23,681,TUN COBA FRANCISCO            ,09,ACTIVO,GEC050 ,3,KL28,22NJ,2025-01-01 00:00:00,1,2026-02-03 00:00:00,10,6255,,,,,,901,9NNKH,2320,-2310,,,,Error De Lectura,S,,,,,,,,,,,,CAMP
2026-02-01 00:00:00,772970102054,25,DW,01,C,02,254,ISIDRO CANUL UC               ,1D,ACTIVO,53LU68 ,1,F121,07JL,2025-11-01 00:00:00,2,2026-02-25 00:00:00,23,66,16341,30,0,0,0,901,,23,0,,,,Error De Lectura,,,,,,,,,,,,,CAMP
2026-02-01 00:00:00,793900100604,36,DW,04,F,67,361,GLEZ ZAMUDIO ARMANDO          ,1F,ACTIVO,79YD17 ,1,F121,08JL,2025-12-01 00:00:00,1,2026-02-25 00:00:00,390,3874,12532,1083,0,0,0,901,9NNKH,1083,-693,,,,Error De Lectura,S,,,,,,,,,,,,CAMP
2026-02-01 00:00:00,783211203590,22,DW,12,D,01,224,LOPEZ MORFIN DORA             ,1D,BAJA,,2,,,2025-08-01 00:00:00,1,2026-02-20 00:00:00,62,713,,,,,,904,,0,62,,,,Error De Estimacion,,2025-08-14 12:55:38,2201,M,GACLM,YB404T ,28657,Nor,44,NUM MEDID DESIGU,44,S,FACT
2026-02-01 00:00:00,770081200866,27,DW,01,A,01,274,TUZ COHUO MARIA ALICIA        ,02,ACTIVO,GMN283 ,1,F123,23NX,2025-11-01 00:00:00,1,2026-02-23 00:00:00,180,3118,2364,575,0,0,0,901,,575,-395,,,,Error De Lectura,,,,,,,,,,,,,CAMP
2026-02-01 00:00:00,800041001590,18,DW,07,A,05,182,POOL AMBROSIO CARLOS EDUARDO  ,1B,BAJA,,2,,,2025-12-01 00:00:00,1,2026-02-03 00:00:00,1,4169,,,,,,902,,1119,-1118,,,,Sin Consumo,,,,,,,,,,,,,FACT
2026-02-01 00:00:00,790110501430,16,DW,04,C,32,141,SANCHEZ ESTRELLA SONIA        ,1F,CORTADO,GGT084 ,1,F123,23NX,2025-12-01 00:00:00,1,2026-02-11 00:00:00,171,12978,5776,2988,0,0,0,905,9NNKH,2988,-2817,,,,Falla De Medidor,S,,,,,,,,,,,,MED
2026-02-01 00:00:00,793041200171,10,DW,04,H,50,001,VILLEGAS MORENO MIRNA IRENE   ,1F,ACTIVO,8B554D ,1,F121,04GG,2025-12-01 00:00:00,1,2026-02-06 00:00:00,433,5183,29511,1433,0,0,0,901,9NNKH,1433,-1000,,,,Error De Lectura,S,,,,,,,,,,,,CAMP
2026-02-01 00:00:00,780200702404,13,DW,12,A,01,131,CHARRUF NAVARRETE MELJEM      ,02,BAJA,,2,,,2024-09-01 00:00:00,4,2026-02-26 00:00:00,0,27.309999999999999,,,,,,080,,0,0,,,,INACTIVO CANCELACION POR FINIQUITO,,2024-09-05 09:32:33,1301,M,GABCM,UL477J ,0,Nor,59,DISPLAY APAGADO,59,S,CCC
2026-02-01 00:00:00,771120902021,06,DW,01,B,02,062,ACHACH ABUD GUSTAVO           ,1D,CORTADO,MX580A ,3,KL28,20KE,2022-12-01 00:00:00,52,2026-02-03 00:00:00,-1394,0,,,,,,010,,1394,-1394,,,,PROGRAMA ESPECIFICO,,,,,,,,,,,,,FACT
2026-02-01 00:00:00,771120902021,06,DW,01,B,02,062,ACHACH ABUD GUSTAVO           ,1D,CORTADO,MX580A ,3,KL28,20KE,2023-02-01 00:00:00,52,2026-02-03 00:00:00,-1153,0,,,,,,010,,1153,-1153,,,,PROGRAMA ESPECIFICO,,,,,,,,,,,,,FACT
2026-02-01 00:00:00,773191100572,82,DW,01,D,01,225,NUEVA WAL MART DE MEXICO S DE ,77,ACTIVO,MY787M ,3,VL28,20KE,2026-01-01 00:00:00,1,2026-02-25 00:00:00,420064,1343133,,,,,,906,,420064,0,,,,Error De Sistema,,,,,,,,,,,,,FACT
2026-02-01 00:00:00,800041001590,18,DW,07,A,05,182,POOL AMBROSIO CARLOS EDUARDO  ,1B,BAJA,,2,,,2025-10-01 00:00:00,1,2026-02-03 00:00:00,59,4348,,,,,,902,,1113,-1054,,,,Sin Consumo,,,,,,,,,,,,,FACT
2026-02-01 00:00:00,771120902021,06,DW,01,B,02,062,ACHACH ABUD GUSTAVO           ,1D,CORTADO,MX580A ,3,KL28,20KE,2022-10-01 00:00:00,52,2026-02-03 00:00:00,-1,0,,,,,,010,,1,-1,,,,PROGRAMA ESPECIFICO,,,,,,,,,,,,,FACT
2026-02-01 00:00:00,771120902021,06,DW,01,B,02,062,ACHACH ABUD GUSTAVO           ,1D,CORTADO,MX580A ,3,KL28,20KE,2023-04-01 00:00:00,52,2026-02-03 00:00:00,-1218,0,,,,,,010,,1218,-1218,,,,PROGRAMA ESPECIFICO,,,,,,,,,,,,,FACT
2026-02-01 00:00:00,780200702404,13,DW,12,A,01,131,CHARRUF NAVARRETE MELJEM      ,02,BAJA,,2,,,2024-09-01 00:00:00,1,2026-02-26 00:00:00,,11495,,,,,,901,,2214,,,,,Error De Lectura,,2024-09-05 09:32:33,1301,M,GABCM,UL477J ,0,Nor,59,DISPLAY APAGADO,59,S,CAMP
2026-02-01 00:00:00,779180501476,17,DW,01,M,02,172,ALCOCER CEBALLOS ARLEY MARIA  ,02,BAJA,,2,,,2025-11-01 00:00:00,1,2026-02-18 00:00:00,0,3810,,,,,,907,,201,-201,,,,Error Finiquito,,,,,,,,,,,,,CCC
2026-02-01 00:00:00,779180501476,17,DW,01,M,02,172,ALCOCER CEBALLOS ARLEY MARIA  ,02,BAJA,,2,,,2026-01-01 00:00:00,1,2026-02-18 00:00:00,0,1023,,,,,,907,,186,-186,,,,Error Finiquito,,,,,,,,,,,,,CCC
2026-02-01 00:00:00,771931203441,15,DW,01,B,01,158,ANA E ROMELLON CENTURION      ,1D,ACTIVO,B307C8 ,2,F621,94F3,2025-11-01 00:00:00,1,2026-02-26 00:00:00,913,5999,7863,1783,0,0,0,906,,1783,-870,,,,Error De Sistema,,,,,,,,,,,,,FACT
2026-02-01 00:00:00,785101200555,21,DW,03,A,01,001,LOPEZ PEREZ JOSE ANTONIO      ,02,BAJA,,3,,,2025-09-01 00:00:00,1,2026-02-23 00:00:00,,4807,,,,,,902,,892,,,,,Sin Consumo,,,,,,,,,,,,,FACT
2026-02-01 00:00:00,776180601510,26,DW,01,E,37,263,BERLANGA PAVON EDUARDO ANTONIO,1D,ACTIVO,REL472 ,2,F623,24NY,2024-10-01 00:00:00,52,2026-02-20 00:00:00,-718,0,,,,,,010,,718,-718,,,,PROGRAMA ESPECIFICO,,,,,,,,,,,,,FACT
2026-02-01 00:00:00,800041001565,27,DW,07,A,02,022,KU LORIA MARIA GUADALUPE      ,1B,ACTIVO,7A740H ,1,F121,04GG,2025-11-01 00:00:00,1,2026-02-24 00:00:00,21,3304,18640,944,0,0,0,901,,944,-923,,,,Error De Lectura,,2025-11-19 09:15:55,2726,L,9MCAW,7A740H ,99944,Nor,  ,,FR,S,CAMP
2026-02-01 00:00:00,795880100371,82,DW,05,A,01,694,STPRM SEC 47 SERAPIO VENE     ,77,ACTIVO,CKV705 ,3,VL28,22NJ,2026-01-01 00:00:00,1,2026-02-12 00:00:00,18777,267298,,,,,,911,,18777,0,,,,Car/Cre No Procede,,,,,,,,,,,,,FACT
2026-02-01 00:00:00,785101200555,21,DW,03,A,01,001,LOPEZ PEREZ JOSE ANTONIO      ,02,BAJA,,3,,,2025-10-01 00:00:00,4,2026-02-23 00:00:00,0,51.869999999999997,,,,,,080,,0,0,,,,INACTIVO CANCELACION POR FINIQUITO,,,,,,,,,,,,,CCC
2026-02-01 00:00:00,784861000151,82,DW,12,E,01,682,CONDOTEL PLAYASOL SALVIA      ,77,BAJA,,3,,,2025-11-01 00:00:00,4,2026-02-06 00:00:00,40218,247458.39999999999,,,,,,080,,78792,-38574,,,,INACTIVO CANCELACION POR FINIQUITO,,,,,,,,,,,,,CCC
2026-02-01 00:00:00,776980300437,07,DW,01,H,42,071,JOSE SANTANA CETINA           ,02,BAJA,,2,,,2025-11-01 00:00:00,1,2026-02-26 00:00:00,0,699,,,,,,904,,114,-114,,,,Error De Estimacion,,2025-11-04 15:25:23,0726,L,9P167,1V49T2 ,0,Nor,60,MEDID NO TRABAJA,60,S,FACT
2026-02-01 00:00:00,812930601262,36,DW,22,C,01,362,PEDRO E ARZAPALO N            ,1B,CORTADO,3H5T50 ,1,F121,01GG,2025-12-01 00:00:00,1,2026-02-24 00:00:00,0,3011,70096,902,0,0,0,901,88606,902,-902,,,,Error De Lectura,S,2025-12-26 09:03:06,3601,L,GAPHM,3H5T50 ,99902,Nor,  ,,FR,S,CAMP
2026-02-01 00:00:00,785020503049,31,DW,03,A,03,311,NERI AUGUSTO MOJON KU         ,1C,ACTIVO,RAV686 ,2,F623,24NY,2024-05-01 00:00:00,52,2026-02-23 00:00:00,-908,0,,,,,,010,,908,-908,,,,PROGRAMA ESPECIFICO,,,,,,,,,,,,,FACT
2026-02-01 00:00:00,775010301795,17,DW,01,G,01,173,FABIOLA GPE CAAMAL MIRANDA    ,1B,ACTIVO,2D0E17 ,1,F121,00GG,2025-11-01 00:00:00,1,2026-02-25 00:00:00,0,3154,12406,946,0,0,0,901,,946,-946,,,,Error De Lectura,,,,,,,,,,,,,CAMP
2026-02-01 00:00:00,796800300028,02,DW,06,A,01,021,GARCIA CHIO MARIA LUISA       ,1D,ACTIVO,WTM663 ,2,F623,24P2,2026-02-01 00:00:00,1,2026-02-09 00:00:00,116,2865,6119,917,57,0,0,904,9BBBB,917,-801,RUTA INCOMPLETA,,,Error De Estimacion,S,2026-01-28 14:02:00,0201,M,9MCJY,WTM663 ,0,Nor,5X,RUTA INCOMPLETA,,,FACT
2026-02-01 00:00:00,770181100702,13,DW,01,C,02,137,AVILA MARRUFO VELVET L        ,1D,BAJA,,2,,,2026-01-01 00:00:00,1,2026-02-19 00:00:00,62,2425,,,,,,904,,782,-720,,,,Error De Estimacion,,2026-01-09 10:25:05,1351,R,G92B5,08U8K1 ,0,Nor,56,NO HAY MEDIDOR,56,S,FACT
2026-02-01 00:00:00,794970800367,22,DW,04,G,10,002,CHAN CRUZ BULMARO             ,1F,ACTIVO,CM678F ,1,F123,19NM,2025-12-01 00:00:00,1,2026-02-23 00:00:00,0,772,6835,445,0,0,0,901,9BBJL,445,-445,,,,Error De Lectura,S,,,,,,,,,,,,CAMP
2026-02-01 00:00:00,777100202667,33,DW,01,J,03,332,UICAB EK IGNACIO MARTIN       ,1C,ACTIVO,6YB513 ,1,F121,00GG,2025-11-01 00:00:00,1,2026-02-05 00:00:00,313,5160,33108,1332,0,0,0,901,9BBRW,1332,-1019,,,,Error De Lectura,S,,,,,,,,,,,,CAMP
2026-02-01 00:00:00,777100202667,33,DW,01,J,03,332,UICAB EK IGNACIO MARTIN       ,1C,ACTIVO,6YB513 ,1,F121,00GG,2026-01-01 00:00:00,1,2026-02-05 00:00:00,258,67,33109,1,0,0,0,901,9BBRW,1,257,,,,Error De Lectura,S,2026-01-22 12:43:07,3302,L,R9950,6YB513 ,99240,Nor,  ,,FR,S,CAMP
2026-02-01 00:00:00,810171200263,32,DW,22,A,01,327,VINIEGRA PESQUERA ALEJANDRA   ,1B,ACTIVO,BE211T ,2,F623,19NV,2026-02-01 00:00:00,1,2026-02-25 00:00:00,0,1419,11434,543,60,0,0,901,88606,543,-543,MEDID NO TRABAJA,,,Error De Lectura,S,2026-02-19 09:55:30,3207,L,9NCT1,BE211T ,0,Opt,60,MEDID NO TRABAJA,60,S,CAMP
2026-02-01 00:00:00,794970800367,22,DW,04,G,10,002,CHAN CRUZ BULMARO             ,1F,ACTIVO,CM678F ,1,F123,19NM,2026-02-01 00:00:00,1,2026-02-23 00:00:00,0,606,6835,407,0,0,70,904,9BBJL,407,-407,,,LECTURA NEGATIVA,Error De Estimacion,S,2026-02-12 09:26:39,2227,L,R9642,CM678F ,99227,Opt,  ,,,,FACT
2026-02-01 00:00:00,796220702137,31,DW,06,A,01,313,MARCO ANTONIO DE JESUS LOZANO ,1D,ACTIVO,8BCB03 ,2,F623,25P2,2025-09-01 00:00:00,1,2026-02-25 00:00:00,0,6544,,,,,,903,9BBBB,2326,-2326,,,,Error Cambio Medidor,S,,,,,,,,,,,,CAMP
2026-02-01 00:00:00,810080707896,10,DW,22,A,02,103,BELLANIRA OCANA TRINIDAD      ,02,ACTIVO,93B7Y3 ,2,F621,08KG,2025-12-01 00:00:00,1,2026-02-05 00:00:00,0,5120,7807,999,0,0,0,901,88606,999,-999,,,,Error De Lectura,S,,,,,,,,,,,,CAMP
2026-02-01 00:00:00,789020903255,04,DW,04,A,01,044,MORENO YA ELISEO JOSE         ,1F,ACTIVO,097MCC ,1,F12J,15MR,2026-02-01 00:00:00,1,2026-02-20 00:00:00,159,3304,15833,961,0,0,0,901,9JPYA,961,-802,,,,Error De Lectura,S,2026-01-29 09:45:51,0452,R,9BBJK,097MCC ,961,Nor,  ,,FR,S,CAMP
2026-02-01 00:00:00,789960503727,17,DW,04,A,01,172,CALDERON MONTERO LUCELY       ,1F,ACTIVO,2ATT91 ,2,F623,25P2,2026-01-01 00:00:00,1,2026-02-09 00:00:00,143,1040,,,,,,904,9BBV5,489,-346,,,,Error De Estimacion,S,2026-01-12 08:33:54,1726,L,9JRCP,416MDM ,98610,Nor,  ,,FR,S,FACT
2026-02-01 00:00:00,794200701328,20,DW,04,G,10,006,ELIAS JUAREZ GUILLERMINA      ,1F,ACTIVO,6DVB18 ,2,F623,25NY,2026-02-01 00:00:00,1,2026-02-24 00:00:00,245,3708,989,989,0,0,0,911,9BBJL,989,-744,,,,Car/Cre No Procede,S,,,,,,,,,,,,FACT
2026-02-01 00:00:00,789960503727,17,DW,04,A,01,172,CALDERON MONTERO LUCELY       ,1F,ACTIVO,2ATT91 ,2,F623,25P2,2025-11-01 00:00:00,1,2026-02-05 00:00:00,145,4263,,,,,,901,9BBV5,1682,-1537,,,,Error De Lectura,S,,,,,,,,,,,,CAMP
2026-02-01 00:00:00,796150203294,29,DW,06,A,01,291,ORTIZ ESCALANTE DAVID         ,1D,ACTIVO,808ADD ,1,F122,14LN,2026-01-01 00:00:00,1,2026-02-05 00:00:00,151,3905,53558,1151,0,0,0,901,9BBBB,1151,-1000,,,,Error De Lectura,S,,,,,,,,,,,,CAMP
2026-02-01 00:00:00,796190103110,20,DW,06,A,01,206,ULIN JIMENEZ FLORICEL         ,1D,ACTIVO,0AXM28 ,2,F623,25P2,2025-10-01 00:00:00,1,2026-02-20 00:00:00,1034,19290,,,,,,905,9BBBB,5221,-4187,,,,Falla De Medidor,S,,,,,,,,,,,,MED
2026-02-01 00:00:00,796111101255,14,DW,06,A,01,144,JOSE MARTIN QUINTAL BRICE O   ,1C,ACTIVO,4AXT38 ,2,F623,25P2,2026-02-01 00:00:00,1,2026-02-13 00:00:00,0,24418,175,175,0,0,0,901,9BBBB,5479,-5479,,,,Error De Lectura,S,2026-02-06 07:09:22,1403,M,R9723,4AXT38 ,175,Opt,  ,,,,CAMP
2026-02-01 00:00:00,804250600081,25,DW,08,A,17,251,LUGO LEYVA ROBERTH ALEXIS     ,1B,ACTIVO,1BCN64 ,2,F623,25P2,2026-01-01 00:00:00,1,2026-02-13 00:00:00,0,8833,645,645,0,0,0,903,9N4CD,2096,-2096,,,,Error Cambio Medidor,S,,,,,,,,,,,,CAMP
2026-02-01 00:00:00,789110302439,05,DW,04,A,01,055,CALDERON SILVA JOSE ALBERTO   ,02,ACTIVO,GEA349 ,3,KL28,22NJ,2025-11-01 00:00:00,1,2026-02-12 00:00:00,1506,11070,1506,1506,0,44,0,911,9BBV5,1506,0,,NUM MEDID DESIGU,,Car/Cre No Procede,S,,,,,,,,,,,,FACT
2026-02-01 00:00:00,789070604178,29,DW,04,A,01,294,MEJIA BARRERA SONIA DE FATIMA ,1F,ACTIVO,3T699T ,2,F621,06F3,2026-01-01 00:00:00,1,2026-02-26 00:00:00,744,5789,76977,1479,0,0,0,901,9BBV5,1479,-735,,,,Error De Lectura,S,,,,,,,,,,,,CAMP
2026-02-01 00:00:00,789070201308,10,DW,04,A,05,102,DZIB CRUZ EFRAIN              ,1F,ACTIVO,4J137A ,1,F121,05JL,2026-02-01 00:00:00,1,2026-02-25 00:00:00,578,4387,54830,1184,0,0,0,901,9JPYA,1184,-606,,,,Error De Lectura,S,,,,,,,,,,,,CAMP
2026-02-01 00:00:00,800170300447,31,DW,07,A,05,271,CHAN CETINA LANDY ARACELLY    ,02,ACTIVO,3AUL26 ,2,F623,25P2,2026-01-01 00:00:00,1,2026-02-03 00:00:00,911,10013,760,760,0,0,0,901,9JR0F,1543,-632,,,,Error De Lectura,S,,,,,,,,,,,,CAMP
2026-02-01 00:00:00,781950300410,04,DW,12,B,01,044,MARIA E LOPEZ GONZALEZ        ,1D,ACTIVO,1ATT60 ,2,F623,25P2,2026-02-01 00:00:00,1,2026-02-17 00:00:00,527,1912,527,527,0,0,0,903,9EMJA,826,-299,,,,Error Cambio Medidor,S,2026-01-29 07:06:33,0401,L,GATKM,1ATT60 ,527,Opt,  ,,,,CAMP
2026-02-01 00:00:00,795170102722,02,DW,05,A,01,206,REBOLLEDO ECHEVERRIA JUDITH M ,1F,ACTIVO,134JHK ,2,F622,15LM,2026-02-01 00:00:00,1,2026-02-06 00:00:00,219,1884,11145,219,0,0,0,911,9BBM3,219,0,,,,Car/Cre No Procede,S,2026-01-28 06:58:36,0203,M,9NCUF,134JHK ,219,Opt,  ,,,,FACT
2026-02-01 00:00:00,795220701762,24,DW,05,A,01,244,PEREZ VAZQUEZ YOLANDA         ,1F,ACTIVO,7AAK58 ,2,F623,25NY,2026-02-01 00:00:00,1,2026-02-25 00:00:00,1222,9589,9060,2265,0,0,0,901,9BBM3,2265,-1043,,,,Error De Lectura,S,,,,,,,,,,,,CAMP
2026-02-01 00:00:00,795180601468,26,DW,05,A,01,195,MENDOZA GRYMES JUAN CARLOS    ,02,ACTIVO,D700VT ,2,F622,17LM,2026-02-01 00:00:00,1,2026-02-25 00:00:00,0,2012,33899,421,0,0,0,902,9N4CB,421,-421,,,,Sin Consumo,S,,,,,,,,,,,,FACT
2026-02-01 00:00:00,776880400248,69,DW,01,H,48,691,SATURNINO POOT POOT           ,09,ACTIVO,GEC141 ,3,KL28,22NJ,2025-09-01 00:00:00,1,2026-02-09 00:00:00,0,4631,,,,,,901,9JPYN,1667,-1667,,,,Error De Lectura,S,2025-09-13 09:59:00,6951,R,9EMME,MW705Y ,0,Nor,50,CASA CERRADA,50,S,CAMP
2026-02-01 00:00:00,783080703290,31,DW,12,D,01,317,RODRIGUEZ MONRREAL ANTONIO    ,1D,ACTIVO,45C3C7 ,2,F621,08KG,2026-01-01 00:00:00,1,2026-02-06 00:00:00,254,4671,34979,1254,0,0,0,901,9EMJA,1254,-1000,,,,Error De Lectura,S,,,,,,,,,,,,CAMP
2026-02-01 00:00:00,776880400248,69,DW,01,H,48,691,SATURNINO POOT POOT           ,09,ACTIVO,GEC141 ,3,KL28,22NJ,2025-10-01 00:00:00,1,2026-02-09 00:00:00,0,1640,,,,,,901,9JPYN,583,-583,,,,Error De Lectura,S,2025-10-13 13:47:42,6901,L,9JRBT,MW705Y ,0,Nor,59,DISPLAY APAGADO,59,S,CAMP
2026-02-01 00:00:00,810100400059,07,DW,22,A,01,076,COBA UH FERMIN                ,1B,ACTIVO,176MFY ,2,F62J,15MT,2026-01-01 00:00:00,1,2026-02-04 00:00:00,211,7370,10463,1821,0,0,0,901,9JPYD,1821,-1610,,,,Error De Lectura,S,,,,,,,,,,,,CAMP
2026-02-01 00:00:00,804910800207,75,DW,08,A,04,753,CHIYEAN CHAN CARLOS           ,09,ACTIVO,093JEH ,2,F622,15LM,2026-01-01 00:00:00,1,2026-02-03 00:00:00,0,458,8986,161,59,0,0,904,9N4CD,161,-161,DISPLAY APAGADO,,,Error De Estimacion,S,2026-01-21 10:59:44,7503,L,GAPUM,093JEH ,0,Nor,59,DISPLAY APAGADO,59,S,FACT
2026-02-01 00:00:00,777890300329,31,DW,01,J,03,311,GABRIELA G ZARATE ALDANA      ,1C,ACTIVO,7ANK73 ,1,F123,25NX,2025-11-01 00:00:00,1,2026-02-05 00:00:00,677,12065,1129,677,0,0,0,903,9JPYN,2794,-2117,,,,Error Cambio Medidor,S,,,,,,,,,,,,CAMP
2026-02-01 00:00:00,777890700220,16,DW,01,J,03,165,JESUS MARTIN PEREZ            ,1C,ACTIVO,738TT2 ,1,F122,12LH,2025-10-01 00:00:00,1,2026-02-09 00:00:00,0,1216,7026,856,59,0,0,904,9JPYN,856,-856,DISPLAY APAGADO,,,Error De Estimacion,S,2025-10-09 10:42:35,1603,L,9NCYF,738TT2 ,0,Nor,59,DISPLAY APAGADO,59,S,FACT
2026-02-01 00:00:00,777030400938,36,DW,01,J,46,363,QUINTAL UICAB MARGARITA       ,1C,ACTIVO,M302RK ,2,F622,17LM,2025-12-01 00:00:00,1,2026-02-09 00:00:00,0,242,7527,176,59,0,0,904,9JPYN,176,-176,DISPLAY APAGADO,,,Error De Estimacion,S,2025-12-26 15:45:10,3626,L,GAAFN,M302RK ,0,Nor,59,DISPLAY APAGADO,59,S,FACT
2026-02-01 00:00:00,777030400938,36,DW,01,J,46,363,QUINTAL UICAB MARGARITA       ,1C,ACTIVO,M302RK ,2,F622,17LM,2025-10-01 00:00:00,1,2026-02-09 00:00:00,0,174,7527,150,60,0,0,904,9JPYN,150,-150,MEDID NO TRABAJA,,,Error De Estimacion,S,2025-10-23 08:42:53,3626,L,9NCXE,M302RK ,0,Nor,60,MEDID NO TRABAJA,60,S,FACT
2026-02-01 00:00:00,796910900349,09,DW,06,A,01,092,PUGA SOLIS NICOLAS            ,1D,ACTIVO,J5T739 ,1,F121,88F5,2026-01-01 00:00:00,1,2026-02-25 00:00:00,499,2314,60829,793,0,0,0,901,9JR92,793,-294,,,,Error De Lectura,S,2026-01-06 11:53:42,0902,M,9P14T,J5T739 ,90499,Nor,  ,,FR,S,CAMP
2026-02-01 00:00:00,777890700220,16,DW,01,J,03,165,JESUS MARTIN PEREZ            ,1C,ACTIVO,738TT2 ,1,F122,12LH,2025-12-01 00:00:00,1,2026-02-09 00:00:00,0,1377,7026,530,59,0,0,904,9JPYN,530,-530,DISPLAY APAGADO,,,Error De Estimacion,S,2025-12-10 09:30:32,1603,L,R9950,738TT2 ,0,Nor,59,DISPLAY APAGADO,59,S,FACT
2026-02-01 00:00:00,777840900023,31,DW,01,J,11,311,GONZALO MAY MATU              ,1D,ACTIVO,LV4411 ,1,F121,84EG,2026-01-01 00:00:00,1,2026-02-05 00:00:00,295,67,3241,1,0,0,0,901,9JPYN,1,294,,,,Error De Lectura,S,2026-01-21 11:45:09,3127,L,9NCXE,LV4411 ,9274,Nor,  ,,LN,S,CAMP
2026-02-01 00:00:00,777840900023,31,DW,01,J,11,311,GONZALO MAY MATU              ,1D,ACTIVO,LV4411 ,1,F121,84EG,2025-11-01 00:00:00,1,2026-02-05 00:00:00,377,5223,3240,1398,0,0,0,901,9JPYN,1398,-1021,,,,Error De Lectura,S,,,,,,,,,,,,CAMP
2026-02-01 00:00:00,770090401149,37,DW,01,D,03,371,FARFAN HECTOR MANUEL          ,1C,ACTIVO,88WE51 ,1,F121,08JL,2026-01-01 00:00:00,1,2026-02-16 00:00:00,143,1250,20549,502,0,0,0,901,9JR2L,502,-359,,,,Error De Lectura,S,,,,,,,,,,,,CAMP
2026-02-01 00:00:00,789070800082,16,DW,04,A,01,164,RICHAUD LARA CARLA ARGELIA GAB,1F,ACTIVO,H802N7 ,2,F421,95F8,2026-02-01 00:00:00,1,2026-02-25 00:00:00,429,5590,63887,1434,0,0,0,901,9JR36,1434,-1005,,,,Error De Lectura,S,,,,,,,,,,,,CAMP
2026-02-01 00:00:00,777990301799,17,DW,01,J,13,172,GRISELDA A BACAB PUC          ,1D,ACTIVO,PBE605 ,1,F123,24NX,2025-09-01 00:00:00,1,2026-02-09 00:00:00,0,888,,,,,,903,9JPYN,699,-699,,,,Error Cambio Medidor,S,2025-09-09 12:43:51,1726,L,GAAFN,7MM265 ,99800,Nor,  ,,FR,S,CAMP
2026-02-01 00:00:00,773840300128,16,DW,01,D,01,161,JUAN A TUZ KU                 ,1D,ACTIVO,PCV726 ,1,F123,24NX,2025-10-01 00:00:00,1,2026-02-13 00:00:00,607,5063,,,,,,905,9JR2L,1922,-1315,,,,Falla De Medidor,S,,,,,,,,,,,,MED
2026-02-01 00:00:00,776150900806,13,DW,01,H,55,132,LORIA CEBALLOS DORIAN FERNANDO,1C,ACTIVO,KJB057 ,2,F623,23NU,2025-11-01 00:00:00,1,2026-02-09 00:00:00,18,6028,2777,1685,0,0,0,901,9JPYN,1685,-1667,,,,Error De Lectura,S,,,,,,,,,,,,CAMP
2026-02-01 00:00:00,789090602741,03,DW,04,A,01,033,MORALES JIMENEZ WILFREDO      ,1F,ACTIVO,158MCC ,1,F12J,15MR,2026-01-01 00:00:00,1,2026-02-10 00:00:00,419,9260,11064,2210,0,0,0,901,9JR36,2210,-1791,,,,Error De Lectura,S,,,,,,,,,,,,CAMP
2026-02-01 00:00:00,796990900883,21,DW,06,A,01,214,SANTIAGO DIAZ ZOILA           ,1D,ACTIVO,4KN530 ,1,F121,99GG,2026-01-01 00:00:00,1,2026-02-11 00:00:00,250,4336,90082,1248,0,0,0,901,9JR92,1248,-998,,,,Error De Lectura,S,,,,,,,,,,,,CAMP
2026-02-01 00:00:00,787770100232,33,DW,03,C,79,002,EUGENIO CHUIL NOH             ,1C,ACTIVO,6WL519 ,1,F121,99GG,2025-11-01 00:00:00,1,2026-02-03 00:00:00,442,3020,33719,879,0,0,0,901,9JRC2,879,-437,,,,Error De Lectura,S,,,,,,,,,,,,CAMP
2026-02-01 00:00:00,776070100591,31,DW,01,E,37,312,ALCAZAR P JORGE A             ,1D,ACTIVO,7AUB60 ,2,F623,25P2,2025-07-01 00:00:00,2,2026-02-13 00:00:00,1204,2248,,,,,,905,9JR2L,1268,-64,,,,Falla De Medidor,S,,,,,,,,,,,,MED
2026-02-01 00:00:00,789750104838,07,DW,04,A,01,074,PEREZ SAN MARTIN CLARA        ,1F,ACTIVO,XMT569 ,1,F123,24NX,2026-01-01 00:00:00,1,2026-02-16 00:00:00,0,1481,,,,,,903,9JR36,581,-581,,,,Error Cambio Medidor,S,,,,,,,,,,,,CAMP
2026-02-01 00:00:00,779131102809,08,DW,01,M,01,082,COVARRUBIA CANCHE NELSY GUADAL,1B,ACTIVO,RMF636 ,2,F623,24NY,2025-08-01 00:00:00,1,2026-02-05 00:00:00,0,4400,1423,1271,0,0,0,908,9JR2L,1271,-1271,,,,Programa Espefico,S,,,,,,,,,,,,FACT
2026-02-01 00:00:00,771870100074,34,DW,01,B,01,342,CANCHE TUYIN JOSEFINA         ,1D,ACTIVO,9AUT01 ,2,F623,25P2,2025-08-01 00:00:00,1,2026-02-25 00:00:00,910,5978,,,,,,905,9JR2L,2134,-1224,,,,Falla De Medidor,S,,,,,,,,,,,,MED
2026-02-01 00:00:00,789160301514,04,DW,04,A,01,045,PEREZ SUAREZ GLORIA DEL CARMEN,1F,ACTIVO,596MDG ,2,F62J,15MT,2026-02-01 00:00:00,1,2026-02-11 00:00:00,0,699,12943,418,0,0,0,904,9JPY3,418,-418,,,,Error De Estimacion,S,2026-01-29 10:11:15,0453,R,9BBV0,596MDG ,418,Nor,  ,,,,FACT
2026-02-01 00:00:00,783091100881,30,DW,12,A,01,300,CARRERA TORRES ADALBERTO      ,1D,ACTIVO,03LV28 ,1,F121,07JL,2025-12-01 00:00:00,1,2026-02-26 00:00:00,50,1847,4497,662,0,0,0,901,9NNM1,662,-612,,,,Error De Lectura,S,,,,,,,,,,,,CAMP
2026-02-01 00:00:00,789971206244,06,DW,04,A,01,063,JIMENEZ SANTIAGO MIGUEL       ,1F,ACTIVO,PJP834 ,1,F123,24NX,2026-02-01 00:00:00,1,2026-02-24 00:00:00,330,3002,1120,898,0,0,0,901,9JPY3,898,-568,,,,Error De Lectura,S,,,,,,,,,,,,CAMP
2026-02-01 00:00:00,790180200453,09,DW,04,C,88,073,AVELAR GOMEZ ROSITA           ,1F,ACTIVO,8BCH77 ,2,F623,25P2,2026-01-01 00:00:00,1,2026-02-17 00:00:00,358,4983,,,,,,904,9EMJP,1292,-934,,,,Error De Estimacion,S,,,,,,,,,,,,FACT
2026-02-01 00:00:00,783211004431,20,DW,12,D,01,201,TUZ TUN MIGUEL ANGUEL         ,1D,ACTIVO,6AUN09 ,2,F623,25P2,2026-02-01 00:00:00,1,2026-02-24 00:00:00,855,7419,304,422,0,0,0,905,9JPY9,1827,-972,,,,Falla De Medidor,S,,,,,,,,,,,,MED
2026-02-01 00:00:00,790940300445,16,DW,04,C,32,141,MORALES ESCAMILLA JOSE L      ,1F,ACTIVO,LNE623 ,1,F123,23NX,2025-12-01 00:00:00,1,2026-02-09 00:00:00,171,8710,3847,2095,0,0,0,906,9EMJP,2095,-1924,,,,Error De Sistema,S,,,,,,,,,,,,FACT
2026-02-01 00:00:00,790251200824,07,DW,04,C,88,072,PARRA SOLIS PABLO JAVIER      ,1F,ACTIVO,PBK275 ,1,F123,24NX,2026-01-01 00:00:00,1,2026-02-19 00:00:00,0,6855,,,,,,904,9EMJP,1461,-1461,,,,Error De Estimacion,S,,,,,,,,,,,,FACT
2026-02-01 00:00:00,803900601838,06,DW,07,D,51,513,LIBERATO COUOH Y TUZ          ,1B,ACTIVO,TB404E ,1,F123,21NX,2026-02-01 00:00:00,1,2026-02-13 00:00:00,30,1259,11553,504,0,0,70,901,9JR3V,504,-474,,,LECTURA NEGATIVA,Error De Lectura,S,2026-01-30 11:48:23,0627,L,R9920,TB404E ,99983,Opt,  ,,,,CAMP
2026-02-01 00:00:00,799981200444,70,DW,06,D,14,652,SEDENA                        ,03,ACTIVO,763F5V ,3,VL28,13KE,2026-02-01 00:00:00,1,2026-02-09 00:00:00,4560,4361682,18806,877200,0,0,0,901,9JRFD,877200,-872640,,,,Error De Lectura,S,2026-02-05 08:43:56,6501,L,GAT5M,763F5V ,10965,Nor,  ,,LM,S,CAMP
2026-02-01 00:00:00,780250505472,30,DW,12,C,01,999,PERERA PAREDES MARIA FERNANDA ,1D,ACTIVO,UU396E ,2,F623,21NY,2025-12-01 00:00:00,1,2026-02-19 00:00:00,0,4885,1303,1303,0,0,0,901,9AKK6,1303,-1303,,,,Error De Lectura,S,2025-12-19 12:42:12,3001,L,GAALN,UU396E ,0,Nor,51,NO ENCONTRE DOMI,,,CAMP
2026-02-01 00:00:00,803101200651,23,DW,07,D,03,212,CONCHA SABIDO MIREYA GUADALUPE,1C,ACTIVO,660RM7 ,2,F122,12LH,2026-01-01 00:00:00,1,2026-02-04 00:00:00,21,1059,2993,462,0,0,0,901,9JR3V,462,-441,,,,Error De Lectura,S,,,,,,,,,,,,CAMP
2026-02-01 00:00:00,773900801351,11,DW,01,D,01,110,MARCO PINA CHABLE             ,1D,ACTIVO,R5C286 ,1,F121,90F5,2026-01-01 00:00:00,1,2026-02-11 00:00:00,253,1407,63626,568,0,0,0,901,9NNM0,568,-315,,,,Error De Lectura,S,,,,,,,,,,,,CAMP
2026-02-01 00:00:00,773840900273,09,DW,01,D,01,091,MIGUEL A BORGES MAGANA        ,1D,ACTIVO,RW8506 ,1,F121,84EG,2026-01-01 00:00:00,1,2026-02-25 00:00:00,438,5030,3910,1342,0,0,0,901,9NNM0,1342,-904,,,,Error De Lectura,S,,,,,,,,,,,,CAMP
2026-02-01 00:00:00,786240801063,24,DW,03,B,23,241,NAH ZAPATA MARTHA CECILIA     ,1C,ACTIVO,RDB372 ,2,F623,24NY,2026-02-01 00:00:00,1,2026-02-22 00:00:00,342,1482,4174,550,0,0,0,901,G08DA,550,-208,,,,Error De Lectura,S,2026-02-13 15:45:19,2426,L,9P18V,RDB372 ,550,Nor,  ,,LM,S,CAMP
2026-02-01 00:00:00,803980500026,31,DW,07,D,10,101,GUALBERTO CASTILLO            ,1C,ACTIVO,83W5B0 ,1,F12H,09KU,2026-01-01 00:00:00,1,2026-02-13 00:00:00,121,4052,8501,1091,0,0,0,901,9JR3V,1091,-970,,,,Error De Lectura,S,,,,,,,,,,,,CAMP
2026-02-01 00:00:00,803090200408,33,DW,07,D,01,011,ZAMORA PERALTA JULIO          ,1C,ACTIVO,AWK504 ,1,F123,22NX,2026-01-01 00:00:00,1,2026-02-09 00:00:00,466,1354,6467,524,0,0,0,901,9JR3V,524,-58,,,,Error De Lectura,S,,,,,,,,,,,,CAMP
2026-02-01 00:00:00,786820501300,62,DW,03,B,23,621,SRIA REC HIDRAULICOS          ,9C,ACTIVO,MU632F ,3,KL28,20KE,2026-02-01 00:00:00,1,2026-02-16 00:00:00,0,9973,25898,13088,50,0,0,902,G08DA,13088,-13088,CASA CERRADA,,,Sin Consumo,S,2026-01-30 10:27:22,6201,L,9ND4A,MU632F ,0,Nor,50,CASA CERRADA,50,S,FACT
2026-02-01 00:00:00,786111200762,35,DW,03,B,14,351,PERAZA CABALLERO NIDIA DEL S  ,1D,ACTIVO,4AAU38 ,2,F623,25NY,2026-01-01 00:00:00,1,2026-02-25 00:00:00,0,2002,3451,693,56,0,0,904,G08DA,693,-693,NO HAY MEDIDOR,,,Error De Estimacion,S,2026-01-23 11:49:15,3501,L,9ND4A,4AAU38 ,0,Nor,56,NO HAY MEDIDOR,56,S,FACT
2026-02-01 00:00:00,318220100316,22,DW,04,H,32,222,HERNANDEZ HERNANDEZ GRACIELA  ,1F,ACTIVO,XE588R ,1,F123,21NT,2025-10-01 00:00:00,1,2026-02-16 00:00:00,94,150,5236,288,0,0,0,904,9P17K,288,-194,,,,Error De Estimacion,D,,,,,,,,,,,,FACT
2026-02-01 00:00:00,786821100155,27,DW,03,B,22,270,COLLI CETINA GENARO           ,1B,ACTIVO,DM3913 ,1,F121,81EG,2026-01-01 00:00:00,1,2026-02-02 00:00:00,141,3742,7374,1026,0,0,0,901,G08DA,1026,-885,,,,Error De Lectura,S,,,,,,,,,,,,CAMP
2026-02-01 00:00:00,786100801411,24,DW,03,B,23,241,BRITO VILLAFANIA JUAN JOSE    ,1C,ACTIVO,KUR957 ,1,F123,23NX,2025-12-01 00:00:00,1,2026-02-06 00:00:00,0,5060,4873,1307,60,0,0,904,G08DA,1307,-1307,MEDID NO TRABAJA,,,Error De Estimacion,S,2025-12-16 11:19:49,2429,L,R9855,KUR957 ,0,Nor,60,MEDID NO TRABAJA,60,S,FACT
2026-02-01 00:00:00,318220100316,22,DW,04,H,32,222,HERNANDEZ HERNANDEZ GRACIELA  ,1F,ACTIVO,XE588R ,1,F123,21NT,2025-08-01 00:00:00,1,2026-02-16 00:00:00,93,153,4948,327,0,0,0,904,9P17K,327,-234,,,,Error De Estimacion,D,,,,,,,,,,,,FACT
2026-02-01 00:00:00,786800600166,20,DW,03,B,23,201,FLORENCIO MARTIN              ,1C,ACTIVO,X2035A ,1,W111,79C0,2026-02-01 00:00:00,1,2026-02-22 00:00:00,9,1320,5190,516,0,0,0,901,G08DA,516,-507,,,,Error De Lectura,S,2026-02-12 11:19:54,2051,R,GAPQM,X2035A ,516,Nor,  ,,,,CAMP
2026-02-01 00:00:00,787750415318,06,DW,03,C,71,061,FIDENCIO MUT MARTIN           ,1B,ACTIVO,242VBJ ,1,F122,16LN,2026-02-01 00:00:00,1,2026-02-23 00:00:00,313,67,20676,0,0,0,0,901,G08DF,0,313,,,,Error De Lectura,S,2026-01-30 11:38:50,0627,L,GA8JN,242VBJ ,99795,Opt,  ,,,,CAMP
2026-02-01 00:00:00,318230700508,16,DW,04,H,52,161,PADILLA HERNANDEZ MARICRUZ    ,1F,ACTIVO,UB876N ,2,F623,21NY,2025-12-01 00:00:00,1,2026-02-11 00:00:00,0,1531,10687,615,0,0,0,901,9P17K,615,-615,,,,Error De Lectura,D,,,,,,,,,,,,CAMP
2026-02-01 00:00:00,786840300084,27,DW,03,B,22,270,IX MAY CRISTINO               ,1B,ACTIVO,H98N06 ,1,F121,92F5,2026-01-01 00:00:00,1,2026-02-04 00:00:00,512,5650,58215,1427,0,0,0,901,G08DA,1427,-915,,,,Error De Lectura,S,,,,,,,,,,,,CAMP
2026-02-01 00:00:00,806750307579,13,DW,08,C,34,132,BRICENIO BRUNO                ,1C,ACTIVO,7R86G8 ,1,F121,04GG,2026-01-01 00:00:00,1,2026-02-18 00:00:00,0,46439,19366,10000,0,0,0,901,G09DG,10000,-10000,,,,Error De Lectura,S,,,,,,,,,,,,CAMP
2026-02-01 00:00:00,783211203590,22,DW,12,D,01,224,LOPEZ MORFIN DORA             ,1D,BAJA,,2,,,2026-02-01 00:00:00,1,2026-02-20 00:00:00,0,67,,,,,,904,G86AC,0,0,,,,Error De Estimacion,S,2026-02-12 12:59:33,2201,L,GAF1M,YB404T ,0,Nor,56,NO HAY MEDIDOR,56,S,FACT
2026-02-01 00:00:00,782921100645,37,DW,12,C,01,370,GUTIERREZ HERNANDEZ SERGIO    ,1D,ACTIVO,1U930U ,1,F421,06GH,2026-01-01 00:00:00,1,2026-02-13 00:00:00,620,4633,89666,1246,0,0,0,901,G86AB,1246,-626,,,,Error De Lectura,S,,,,,,,,,,,,CAMP
2026-02-01 00:00:00,786001158019,37,DW,03,B,14,370,BUENFIL PAZ ANGELICA MARIA    ,1D,ACTIVO,PBD598 ,1,F123,24NX,2026-01-01 00:00:00,1,2026-02-06 00:00:00,465,3756,434,465,0,0,70,904,G08DA,1045,-580,,,LECTURA NEGATIVA,Error De Estimacion,S,2026-01-26 11:37:03,3701,L,G92BB,PBD598 ,99854,Opt,  ,,,,FACT
2026-02-01 00:00:00,786150502792,15,DW,03,B,14,150,COCOM AVILA JOSE GENARO       ,1D,ACTIVO,8X093L ,1,F121,06JL,2026-01-01 00:00:00,1,2026-02-06 00:00:00,342,1293,35454,544,0,0,0,901,G08DA,544,-202,,,,Error De Lectura,S,,,,,,,,,,,,CAMP
2026-02-01 00:00:00,795790200341,12,DW,05,A,01,121,ABELARDO DAMIAN RAMIREZ       ,1F,ACTIVO,PJE863 ,1,F123,24NX,2026-02-01 00:00:00,1,2026-02-26 00:00:00,948,7404,,,,,,901,9NNN3,1811,-863,,,,Error De Lectura,S,,,,,,,,,,,,CAMP
2026-02-01 00:00:00,794010100620,34,DW,04,G,41,342,IGLESIA CATOLICA              ,1F,ACTIVO,9DM776 ,1,F121,98GG,2025-06-01 00:00:00,1,2026-02-24 00:00:00,0,1589,4312,1516,0,0,0,901,G09D3,1516,-1516,,,,Error De Lectura,S,,,,,,,,,,,,CAMP
2026-02-01 00:00:00,793150300983,18,DW,04,H,50,181,AGUEROS LEPE ARTURO           ,1F,ACTIVO,080FVB ,2,F622,15LM,2025-10-01 00:00:00,1,2026-02-12 00:00:00,69,652,29296,682,0,0,0,901,9P17K,682,-613,,,,Error De Lectura,D,,,,,,,,,,,,CAMP
2026-02-01 00:00:00,793150300983,18,DW,04,H,50,181,AGUEROS LEPE ARTURO           ,1F,ACTIVO,080FVB ,2,F622,15LM,2025-08-01 00:00:00,1,2026-02-12 00:00:00,70,612,28614,681,0,0,0,904,9P17K,681,-611,,,,Error De Estimacion,D,,,,,,,,,,,,FACT
2026-02-01 00:00:00,789181200327,10,DW,04,A,01,103,ZETINA MORENO MARCOS          ,1F,ACTIVO,8BCU30 ,2,F623,25P2,2025-12-01 00:00:00,1,2026-02-12 00:00:00,808,4553,,,,,,901,GEY98,1225,-417,,,,Error De Lectura,S,,,,,,,,,,,,CAMP
2026-02-01 00:00:00,782150106875,11,DW,12,D,01,114,VAQUIER SALINAS MARIA ESTHER  ,1D,ACTIVO,5AXY16 ,2,F623,25P2,2025-09-01 00:00:00,1,2026-02-16 00:00:00,638,1035,,,,,,904,GE0M9,805,-167,,,,Error De Estimacion,S,2025-09-04 15:35:16,1102,M,GAALN,02W93H ,0,Nor,56,NO HAY MEDIDOR,56,S,FACT
2026-02-01 00:00:00,782150106875,11,DW,12,D,01,114,VAQUIER SALINAS MARIA ESTHER  ,1D,ACTIVO,5AXY16 ,2,F623,25P2,2025-07-01 00:00:00,1,2026-02-16 00:00:00,682,893,,,,,,904,GE0M9,708,-26,,,,Error De Estimacion,S,,,,,,,,,,,,FACT
2026-02-01 00:00:00,782150106875,11,DW,12,D,01,114,VAQUIER SALINAS MARIA ESTHER  ,1D,ACTIVO,5AXY16 ,2,F623,25P2,2025-11-01 00:00:00,1,2026-02-16 00:00:00,693,2967,,,,,,904,GE0M9,1152,-459,,,,Error De Estimacion,S,2025-11-06 10:12:10,1102,L,GATJM,02W93H ,0,Nor,53,UI SERV DIRECTO,53,S,FACT
2026-02-01 00:00:00,782150106875,11,DW,12,D,01,114,VAQUIER SALINAS MARIA ESTHER  ,1D,ACTIVO,5AXY16 ,2,F623,25P2,2026-01-01 00:00:00,1,2026-02-16 00:00:00,682,5242,,,,,,904,GE0M9,1374,-692,,,,Error De Estimacion,S,2026-01-07 10:21:38,1102,M,GAKFM,02W93H ,0,Nor,53,UI SERV DIRECTO,53,S,FACT
2026-02-01 00:00:00,782150106875,11,DW,12,D,01,114,VAQUIER SALINAS MARIA ESTHER  ,1D,ACTIVO,5AXY16 ,2,F623,25P2,2025-01-01 00:00:00,1,2026-02-16 00:00:00,682,5107,,,,,,904,GE0M9,1374,-692,,,,Error De Estimacion,S,2025-01-07 14:42:56,1102,M,GAF1M,02W93H ,0,Nor,60,MEDID NO TRABAJA,60,S,FACT
2026-02-01 00:00:00,318170301315,12,DW,04,H,50,121,CAAMAL CHUC MARIA CONCEPCION  ,1F,ACTIVO,235DHC ,1,F122,15LN,2025-12-01 00:00:00,1,2026-02-09 00:00:00,80,3607,11175,1080,0,0,0,901,9P17K,1080,-1000,,,,Error De Lectura,D,,,,,,,,,,,,CAMP
2026-02-01 00:00:00,795130406320,05,DW,05,A,01,054,CUA PAREDES SOCORRO DEL CARMEN,1F,ACTIVO,GGT000 ,2,F123,23NX,2026-01-01 00:00:00,1,2026-02-26 00:00:00,182,3918,371,0,0,31,0,901,9NNN3,1089,-907,,SERVICIO SIN USO,,Error De Lectura,S,2026-01-02 08:31:24,0504,M,9ND9F,GGT000 ,6357,Opt,31,SERVICIO SIN USO,,,CAMP
2026-02-01 00:00:00,798150600768,69,DW,06,C,13,681,SERRALTA UXUL IRMA            ,9C,ACTIVO,5ECE03 ,3,KL28,25NJ,2026-02-01 00:00:00,1,2026-02-16 00:00:00,3809,71660,3809,3809,0,0,0,903,G86A6,94713,-90904,,,,Error Cambio Medidor,S,2026-02-11 08:12:52,6901,L,9EMKF,5ECE03 ,3809,Opt,  ,,,,CAMP
2026-02-01 00:00:00,799951200474,20,DW,06,D,01,201,EDUARDO MANUEL IC SANDY       ,1B,ACTIVO,0AAD33 ,2,F623,25NY,2026-02-01 00:00:00,1,2026-02-24 00:00:00,1082,12363,2315,1082,0,0,0,901,G87AR,2830,-1748,,,,Error De Lectura,S,,,,,,,,,,,,CAMP
2026-02-01 00:00:00,798020700582,69,DW,06,C,11,681,CAPA DEL EDO DE Q ROO         ,67,ACTIVO,MW635X ,3,KL28,20KE,2025-12-01 00:00:00,1,2026-02-06 00:00:00,3996,31919,20342,3996,0,0,0,901,G86A6,3996,0,,,,Error De Lectura,S,2025-12-12 11:22:04,6901,L,G92BY,MW635X ,3996,Opt,  ,,,,CAMP
2026-02-01 00:00:00,801090401737,08,DW,07,B,06,803,ARJONA DZIB IGNACIA           ,1B,ACTIVO,84YD53 ,1,F121,08JL,2026-02-01 00:00:00,1,2026-02-10 00:00:00,223,47238,22085,10138,0,0,0,901,G87AP,10138,-9915,,,,Error De Lectura,S,2026-02-03 14:05:56,0802,M,GAT3M,84YD53 ,10138,Nor,  ,,FR,S,CAMP
2026-02-01 00:00:00,798180600436,64,DW,06,C,20,623,BAEZ CAMPOS ANDRES            ,9M,ACTIVO,RKB753 ,3,KL28,24NJ,2025-04-01 00:00:00,1,2026-02-16 00:00:00,159,175692,,,,,,905,G86A6,99768,-99609,,,,Falla De Medidor,S,,,,,,,,,,,,MED
2026-02-01 00:00:00,783041101738,23,DW,12,D,01,231,PIEDRAS RAMOS IVAN            ,1D,ACTIVO,6V16H4 ,2,F421,04GH,2026-01-01 00:00:00,1,2026-02-04 00:00:00,6,3033,6945,1010,0,0,0,901,G86AC,1010,-1004,,,,Error De Lectura,S,,,,,,,,,,,,CAMP
2026-02-01 00:00:00,783070105181,02,DW,12,D,01,021,PEDRO TELLEZ SILVA            ,1D,ACTIVO,19AR15 ,1,F121,06JL,2026-02-01 00:00:00,1,2026-02-23 00:00:00,64,3605,64685,1030,0,0,0,901,G86AC,1030,-966,,,,Error De Lectura,S,2026-01-28 08:14:59,0201,M,GAF1M,19AR15 ,1030,Nor,  ,,,,CAMP
2026-02-01 00:00:00,799130100510,06,DW,06,D,01,060,ALVAREZ MARTINEZ GRACIELA     ,1B,ACTIVO,WTW409 ,2,F623,24P2,2025-12-01 00:00:00,1,2026-02-03 00:00:00,98,10117,2249,2249,0,0,0,901,G87AR,2374,-2276,,,,Error De Lectura,S,,,,,,,,,,,,CAMP
2026-02-01 00:00:00,793090700529,29,DW,04,F,26,291,PAUL CRUZ VILMA               ,1F,ACTIVO,0N94Y2 ,1,F121,04GG,2026-01-01 00:00:00,1,2026-02-06 00:00:00,137,2162,15788,723,0,0,0,901,GAV6M,723,-586,,,,Error De Lectura,D,,,,,,,,,,,,CAMP
2026-02-01 00:00:00,801900800579,34,DW,07,B,27,275,KAUIL BUENFIL FRANCISCO       ,1B,ACTIVO,A7Y510 ,1,F121,87EG,2025-12-01 00:00:00,1,2026-02-10 00:00:00,449,5496,8558,1449,0,0,0,901,G87AP,1449,-1000,,,,Error De Lectura,S,,,,,,,,,,,,CAMP
2026-02-01 00:00:00,799231101151,24,DW,06,D,14,140,SEBASTIAN CANUL FELIX ALFREDO ,1C,ACTIVO,GGT871 ,1,F123,23NX,2026-02-01 00:00:00,1,2026-02-25 00:00:00,575,3782,4863,1032,0,0,0,901,G87AR,1032,-457,,,,Error De Lectura,S,,,,,,,,,,,,CAMP
