Fecha_Ade,Rpu,Ciclo,Division,Zona,Agencia,Poblacion,Ruta,Nombre,Tarifa,Estado_Servicio,Conectores_Medidor,Num_Med,Status_Med,Hilos,Cod_Med,Cod_Lot,Tipo_Ade,Kwh,Importe,Lectura,Consumo,Anom_Accion,Anom_Inform,Anom_Sistema,Censo_Fecha,Numero_Lamparas,Desc_Anom_Accion,Desc_Anom_Inform,Desc_Anom_Sistema,Fecha_Lectura_Kavi,Num_Tarea_Kavi,Tipo_Tarea_Kavi,RPE_Lectura_Kavi,Medidor_Kavi,Kwh_Kavi,Modo_Captura_Kavi,Cve_Anom_Kavi,Desc_Anom_Kavi,Validacion_Kavi,Tiene_Foto_Kavi,Proceso
2025-02-01 00:00:00,780210404592,14,DW,12,A,01,140,HERNANDEZ BURGOS ADULFO       ,1D,ACTIVO,3,,,2,,,1,427,707,19443,427,0,0,0,,,,,,2025-02-05 10:53:33,1401,M,9ND6D,NR699N ,427,Opt,  ,,,,PLAN
2025-02-01 00:00:00,796190501123,80,DW,06,A,23,001,MUNICIPIO DE OTHON P  BLANCO  ,1B,ACTIVO,0,,,2,,,1,8087,32620,,,,,,,,,,,,,,,,,,,,,,PLAN
2025-02-01 00:00:00,783230306197,28,DW,12,D,04,280,MANUEL DE JESUS JOSE          ,1D,ACTIVO,1,,,2,,,1,0,704,352,0,0,0,0,,,,,,2025-02-14 08:19:03,2826,L,9P14M,UW145N ,12,Opt,  ,,,,PLAN
2025-02-01 00:00:00,783150606335,20,DW,12,D,01,022,RIVERA RAMIREZ CONSUELO       ,1D,ACTIVO,1,,,2,,,1,336,1336,470,336,0,44,0,,,,NUM MEDID DESIGU,,2025-02-10 11:53:24,2002,L,9P14M,X870UM ,336,Nor,44,NUM MEDID DESIGU,44,S,PLAN
2025-02-01 00:00:00,771011200563,80,DW,01,B,01,801,MUNICIPIO DE MERIDA YUCATAN   ,03,ACTIVO,0,,,2,,,1,9649,0,,,,,,2024-12-26,43,,,,,,,,,,,,,,,PLAN
2025-02-01 00:00:00,771011200407,80,DW,01,B,01,801,MUNICIPIO DE MERIDA YUCATAN   ,03,ACTIVO,0,,,2,,,1,9462,0,,,,,,2024-12-26,32,,,,,,,,,,,,,,,PLAN
2025-02-01 00:00:00,810100407266,38,DW,22,A,02,381,TORRES MORALES EDUARDO JOEL   ,1B,ACTIVO,1,,,2,,,1,984,1553,1942,984,56,0,0,,,NO HAY MEDIDOR,,,2025-02-24 08:27:05,3855,N,9JR5N,JAG424 ,0,Nor,56,NO HAY MEDIDOR,56,S,PLAN
2025-02-01 00:00:00,799060500434,36,DW,06,D,25,251,CRUZ CABRERA CELIA            ,1B,ACTIVO,1,,,1,,,1,0,64,5050,0,0,31,0,,,,SERVICIO SIN USO,,2025-02-21 10:03:34,3627,M,G92BA,3V156W ,0,Nor,31,SERVICIO SIN USO,,,PLAN
2025-02-01 00:00:00,795180801475,24,DW,05,A,01,122,SOSA GAMBOA DULCE GPE         ,1F,SUJETO A CORTE,1,,,2,,,1,350,512,22449,350,59,0,0,,,DISPLAY APAGADO,,,2025-02-12 13:17:49,2402,M,9NCUE,J716MG ,0,Nor,59,DISPLAY APAGADO,59,S,PLAN
2025-02-01 00:00:00,783240502768,28,DW,12,D,04,280,SEGUNDO HUERTA JORGE          ,1D,ACTIVO,1,,,2,,,1,0,704,7611,0,0,0,0,,,,,,2025-02-14 08:34:36,2826,L,9P14M,T140UJ ,148,Opt,  ,,,,PLAN
2025-02-01 00:00:00,775971101476,80,DW,01,G,01,001,H  AYUNTAMIENTO DE PROGRESO   ,03,ACTIVO,0,,,2,,,1,10349,50887,,,,,,2024-12-27,50,,,,,,,,,,,,,,,PLAN
2025-02-01 00:00:00,810210708377,24,DW,22,A,01,243,ALVARADO GRAU CRISTINA GABRIEL,1B,ACTIVO,1,,,2,,,1,1006,3430,1629,1006,53,0,0,,,UI SERV DIRECTO,,,2025-02-12 07:52:38,2452,N,9MC60,JAH393 ,0,Nor,53,UI SERV DIRECTO,53,S,PLAN
2025-02-01 00:00:00,796190602141,80,DW,06,A,23,001,MUNICIPIO DE OTHON P BLANCO   ,1B,ACTIVO,0,,,2,,,1,187,276,,,,,,,,,,,,,,,,,,,,,,PLAN
2025-02-01 00:00:00,790101201229,08,DW,04,C,32,081,MARTINEZ URMENETA JESUS NERIO ,1F,ACTIVO,1,,,1,,,1,171,227,19155,171,0,0,0,,,,,,2025-01-30 07:44:52,0802,L,R9658,5W556V ,171,Nor,  ,,,,PLAN
