Fecha_Ade,Rpu,Ciclo,Division,Zona,Agencia,Poblacion,Ruta,Nombre,Tarifa,Estado_Servicio,Num_Med,Hilos,Cod_Med,Cod_Lot,Fecha_Ade_Ult_Factura,Tipo_Ade,Cve_Fact,Digito,Desde,Hasta,Liquidacion,Kwh,Importe,Lectura,Consumo,Anom_Accion,Anom_Inform,Anom_Sistema,RPE_Lectura,Tipo_Facturacion,Dias_Sin_Facturar,Fecha_Alta,Fecha_Ade_Ult_Lect,Fecha_Ult_Lect,Lectura_Ult_Lect,Consumo_Ult_Lect,Tipo_Mov_Ult_Lect,Desc_Mov_Ult_Lect,Numed_Ult_Lect,Origen_Registro,Desc_Anom_Accion,Desc_Anom_Inform,Desc_Anom_Sistema,Fecha_Lectura_Kavi,Num_Tarea_Kavi,Tipo_Tarea_Kavi,RPE_Lectura_Kavi,Medidor_Kavi,Kwh_Kavi,Modo_Captura_Kavi,Cve_Anom_Kavi,Desc_Anom_Kavi,Validacion_Kavi,Tiene_Foto_Kavi,Proceso
2025-12-01 00:00:00,810100105502,17,DW,22,A,02,170,RUIZ GONGORA ABELARDO         ,1B,ACTIVO,3AUT54 ,2,F623,25P2,2024-06-01 00:00:00,4,0,6,2024-05-13 00:00:00,2024-06-04 00:00:00,2024-06-04 00:00:00,0,0,,,,,,,BIMESTRAL NON,581,2010-01-14 00:00:00,2010-01-01 00:00:00,2010-01-14 00:00:00,86,0,0,INICIAL,18D8K4 ,Con_Facturas,,,,,,,,,,,,,,,GSC
2025-12-01 00:00:00,776101005737,02,DW,01,E,37,029,MONZON CRUZ RAUL              ,1D,ACTIVO,5AXN85 ,2,F623,25P2,2025-01-01 00:00:00,4,0,5,2024-11-29 00:00:00,2025-01-24 00:00:00,2025-01-24 00:00:00,0,58.700000000000003,,,,,,,BIMESTRAL PAR,347,2010-10-29 00:00:00,2013-08-01 00:00:00,2013-08-01 08:51:00,1,0,2,RECIBIDA,97M9G5 ,Con_Facturas,,,,,,,,,,,,,,,GSC
2025-12-01 00:00:00,776141105483,02,DW,01,E,37,029,WONG PLATAS YVETTE            ,1D,ACTIVO,2BCC35 ,2,F623,25P2,2025-04-01 00:00:00,4,0,1,2025-01-27 00:00:00,2025-04-01 00:00:00,2025-04-01 00:00:00,0,0,,,,,,,BIMESTRAL PAR,280,2014-11-25 00:00:00,2025-04-01 00:00:00,2025-04-01 15:03:00,16502,0,3,FINIQUITO,933N4D ,Con_Facturas,,,,,,,,,,,,,,,GSC
2025-12-01 00:00:00,777130702265,14,DW,01,J,28,144,LOPEZ AGUAYO ROMUALDA         ,1B,ACTIVO,PCY044 ,1,F123,24NX,2024-04-01 00:00:00,4,0,1,2024-04-08 00:00:00,2024-04-11 00:00:00,2024-04-11 00:00:00,0,3.1600000000000001,,,,,,,BIMESTRAL PAR,635,2013-06-11 00:00:00,2013-06-01 00:00:00,2013-07-20 00:00:00,4764,0,0,INICIAL,42G8C9 ,Con_Facturas,,,,2024-04-08 15:42:07,1427,L,GAM1M,677VXB ,0,Nor,59,DISPLAY APAGADO,59,S,GSC
2025-12-01 00:00:00,778920100041,17,DW,01,K,45,171,PECH TZAB HIPOLITO FIDELIO    ,1C,ACTIVO,PAY026 ,1,F123,24NX,2023-07-01 00:00:00,4,0,2,2023-05-12 00:00:00,2023-07-06 00:00:00,2023-07-06 00:00:00,0,47.710000000000001,,,,,,,BIMESTRAL NON,915,1992-01-24 00:00:00,2023-09-01 00:00:00,2023-09-11 10:52:00,44167,133,2,RECIBIDA,9D05T2 ,Con_Facturas,,,,,,,,,,,,,,,GSC
2025-12-01 00:00:00,789080301947,12,DW,04,A,05,122,MSM DE LA PENINSULA SA DE CV  ,02,ACTIVO,,3,,,2017-12-01 00:00:00,1,1,1,2017-10-04 00:00:00,2017-12-04 00:00:00,2017-12-06 00:00:00,1820,7634,,,,,,,BIMESTRAL PAR,2955,2008-03-12 00:00:00,2018-02-01 00:00:00,2018-02-02 14:00:00,18183,0,2,RECIBIDA,1EV597 ,Con_Facturas,,,,,,,,,,,,,,,GSC
2025-12-01 00:00:00,796020706375,31,DW,06,A,01,313,GARCIA CAPELINE ARACELY M     ,1C,ACTIVO,,2,,,2021-04-01 00:00:00,4,0,3,2020-09-22 00:00:00,2020-09-15 00:00:00,2021-04-29 00:00:00,0,0,,,,,,,BIMESTRAL NON,1939,2002-07-28 00:00:00,2002-07-01 00:00:00,2002-07-28 00:00:00,5,0,0,INICIAL,2X4P96 ,Con_Facturas,,,,,,,,,,,,,,,GSC
2025-12-01 00:00:00,796090901680,01,DW,06,A,01,011,HOTEL PLATAS                  ,02,SUJETO A CORTE,,3,,,2025-07-01 00:00:00,4,0,7,2025-06-27 00:00:00,2025-07-09 00:00:00,2025-07-09 00:00:00,2140,10521.870000000001,,,,,,,BIMESTRAL NON,181,2009-05-01 00:00:00,2025-07-01 00:00:00,2025-07-09 09:48:00,71620,2140,3,FINIQUITO,67P4B4 ,Con_Facturas,,,,2025-06-27 08:19:28,0103,M,R9907,67P4B4 ,0,Nor,56,NO HAY MEDIDOR,56,S,GSC
2025-12-01 00:00:00,798140100198,80,DW,06,C,57,001,MPIO DE JOSE MA MORELOS       ,5A,ACTIVO,684B8N ,2,F622,13LM,2025-10-01 00:00:00,1,0,1,2025-09-30 00:00:00,2025-10-31 00:00:00,2025-10-31 00:00:00,744,4043,,,,,,,MENSUAL,67,2014-01-05 00:00:00,2025-09-01 00:00:00,2050-01-01 00:00:00,0,0,0,INICIAL,S0MEDD ,Con_Facturas,,,,,,,,,,,,,,,GSC
2025-12-01 00:00:00,798140100201,80,DW,06,C,57,001,MPIO DE JOSE MA MORELOS       ,5A,ACTIVO,679B0N ,2,F622,13LM,2025-10-01 00:00:00,1,0,4,2025-09-30 00:00:00,2025-10-31 00:00:00,2025-10-31 00:00:00,744,4043,,,,,,,MENSUAL,67,2014-01-05 00:00:00,2025-06-01 00:00:00,2025-06-11 10:47:00,13558,11,8,ESTIMADA-C,679B0N ,Con_Facturas,,,,,,,,,,,,,,,GSC
2025-12-01 00:00:00,798151000161,80,DW,06,C,01,001,MPIO DE JOSE MA MORELOS       ,5A,ACTIVO,966T6R ,2,F622,14LM,2025-10-01 00:00:00,1,0,3,2025-09-08 00:00:00,2025-10-31 00:00:00,2025-10-31 00:00:00,2544,13740,,,,,,,MENSUAL,67,2015-05-29 00:00:00,2025-09-01 00:00:00,2050-01-01 00:00:00,0,0,0,INICIAL,S0MEDD ,Con_Facturas,,,,,,,,,,,,,,,GSC
2025-12-01 00:00:00,798160400694,80,DW,06,C,13,001,MPIO DE JOSE MA MORELOS       ,5A,ACTIVO,742V8G ,3,F122,14LN,2025-07-01 00:00:00,1,0,4,2025-05-28 00:00:00,2025-07-31 00:00:00,2025-07-31 00:00:00,2304,12525,,,,,,,MENSUAL,159,2016-04-27 00:00:00,2025-05-01 00:00:00,2025-05-28 08:20:00,2258,0,8,ESTIMADA-C,742V8G ,Con_Facturas,,,,,,,,,,,,,,,GSC
2025-12-01 00:00:00,799951200270,25,DW,06,D,02,021,JUAN CARLOS JIMENEZ           ,1B,ACTIVO,,1,,,2025-09-01 00:00:00,1,0,4,2025-07-16 00:00:00,2025-09-17 00:00:00,2025-09-19 00:00:00,1036,3096,,,,,,,BIMESTRAL NON,111,1995-12-13 00:00:00,2025-07-01 00:00:00,2025-07-16 00:00:00,46969,0,2,RECIBIDA,P1V589 ,Con_Facturas,,,,2025-09-17 09:58:53,2526,L,9JR7J,XML543 ,750,Opt,  ,,,,GSC
2025-12-01 00:00:00,799970400697,25,DW,06,D,02,021,FRANCISCO COHUO PAT           ,1B,ACTIVO,CM397F ,1,F123,19NM,2025-09-01 00:00:00,1,0,5,2025-07-16 00:00:00,2025-09-17 00:00:00,2025-09-19 00:00:00,772,1481,,,,,,,BIMESTRAL NON,111,1997-04-02 00:00:00,2025-07-01 00:00:00,2025-07-16 09:43:00,43217,0,16,AJUSTADA,X89Y32 ,Con_Facturas,,,,2025-09-17 09:17:47,2526,L,9JR7J,XML544 ,578,Opt,  ,,,,GSC
2025-12-01 00:00:00,800991000751,35,DW,07,A,34,342,CIAU TAH VICTOR MANUEL        ,1B,ACTIVO,PBB916 ,1,F123,24NX,2022-12-01 00:00:00,4,0,7,2022-11-22 00:00:00,2022-12-27 00:00:00,2022-12-27 00:00:00,78,80,,,,,,,BIMESTRAL NON,1106,1999-09-27 00:00:00,2022-12-01 00:00:00,2022-12-27 14:22:00,10329,78,3,FINIQUITO,6JW452 ,Con_Facturas,,,,,,,,,,,,,,,GSC
2025-12-01 00:00:00,771140902272,08,DW,01,B,02,086,MAURICIO RAMIREZ PIZARRO      ,02,ACTIVO,5AAA40 ,2,F623,25NY,2023-07-01 00:00:00,4,0,1,2023-06-02 00:00:00,2023-07-06 00:00:00,2023-07-06 00:00:00,0,0,,,,,,,BIMESTRAL PAR,915,2014-08-06 00:00:00,2024-08-01 00:00:00,2024-08-05 13:27:00,52834,0,2,RECIBIDA,K38R35 ,Con_Facturas,,,,,,,,,,,,,,,GSC
2025-12-01 00:00:00,771210203989,04,DW,01,B,02,045,AGUILAR MORALES JOSE EDIOVIGIL,1D,ACTIVO,8AXL25 ,2,F623,25P2,2024-07-01 00:00:00,4,0,9,2024-06-04 00:00:00,2024-07-10 00:00:00,2024-07-10 00:00:00,0,0,,,,,,,BIMESTRAL PAR,545,2021-02-24 00:00:00,2024-07-01 00:00:00,2024-07-10 11:46:00,12769,0,3,FINIQUITO,NT127L ,Con_Facturas,,,,,,,,,,,,,,,GSC
2025-12-01 00:00:00,771251001495,29,DW,01,B,01,293,JIMENEZ MENDEZ JOSE OLIVERT   ,1D,ACTIVO,2BCN55 ,2,F623,25P2,2025-11-01 00:00:00,2,,,,,,,,0,0,51,,,9ND41,BIMESTRAL NON,84,2025-10-14 00:00:00,2025-11-01 00:00:00,2025-11-21 10:46:00,0,0,2,RECIBIDA,2BCN55 ,Sin_Facturas,NO ENCONTRE DOMI,,,,,,,,,,,,,,GSC
2025-12-01 00:00:00,771251001886,35,DW,01,B,01,351,COSTANZO CASTILLO ANTONIO     ,1D,ACTIVO,6AUY33 ,2,F623,25P2,2025-11-01 00:00:00,2,,,,,,,,0,0,51,,,9P11W,BIMESTRAL NON,81,2025-10-17 00:00:00,2025-11-01 00:00:00,2025-11-26 11:46:00,0,0,2,RECIBIDA,6AUY33 ,Sin_Facturas,NO ENCONTRE DOMI,,,,,,,,,,,,,,GSC
2025-12-01 00:00:00,771251002149,27,DW,01,B,01,273,SANCHEZ HERNANDEZ ELENA GABRIE,1D,ACTIVO,MU034E ,3,KL28,20KE,2025-11-01 00:00:00,2,,,,,,,,0,0,51,,,GAAGN,BIMESTRAL NON,77,2025-10-21 00:00:00,2025-11-01 00:00:00,2025-11-21 16:20:00,0,0,2,RECIBIDA,MU034E ,Sin_Facturas,NO ENCONTRE DOMI,,,,,,,,,,,,,,GSC
2025-12-01 00:00:00,773251001196,25,DW,01,D,03,250,PECH VILLANUEVA MANUEL SANTIAG,1C,ACTIVO,9AUM17 ,2,F623,25P2,2025-11-01 00:00:00,2,,,,,,,,0,0,57,,,9EMCB,BIMESTRAL NON,90,2025-10-08 00:00:00,2025-11-01 00:00:00,2025-11-19 15:17:00,0,0,2,RECIBIDA,9AUM17 ,Sin_Facturas,RUTA INCOMPLETA,,,,,,,,,,,,,,GSC
2025-12-01 00:00:00,773251001901,29,DW,01,D,03,297,DIAZ BERCELO ISRAEL           ,1C,ACTIVO,7BCP53 ,2,F623,25P2,2025-11-01 00:00:00,2,,,,,,,,0,0,51,,,9EMCB,BIMESTRAL NON,84,2025-10-14 00:00:00,2025-11-01 00:00:00,2025-11-26 12:20:00,0,0,2,RECIBIDA,7BCP53 ,Sin_Facturas,NO ENCONTRE DOMI,,,,,,,,,,,,,,GSC
2025-12-01 00:00:00,773251002664,25,DW,01,D,03,258,KAUIL BONILLA CESAR FELIPE    ,1C,ACTIVO,PCY032 ,1,F123,24NX,2025-11-01 00:00:00,2,,,,,,,,0,0,57,,,9EMCB,BIMESTRAL NON,78,2025-10-20 00:00:00,2025-11-01 00:00:00,2025-11-19 15:17:00,0,0,2,RECIBIDA,PCY032 ,Sin_Facturas,RUTA INCOMPLETA,,,,,,,,,,,,,,GSC
2025-12-01 00:00:00,774251002946,04,DW,01,B,02,048,PADRON CERVERA FERNANDO MOISES,02,ACTIVO,5BCN54 ,2,F623,25P2,2025-12-01 00:00:00,2,,,,,,,,0,0,51,,,9P11W,BIMESTRAL PAR,74,2025-10-24 00:00:00,2025-12-01 00:00:00,2025-12-03 11:39:00,0,0,2,RECIBIDA,5BCN54 ,Sin_Facturas,NO ENCONTRE DOMI,,,2025-12-03 11:39:10,0452,R,9P11W,5BCN54 ,0,Nor,51,NO ENCONTRE DOMI,,,GSC
2025-12-01 00:00:00,775250901021,31,DW,01,G,02,313,COUOH PECH NORMA ARACELLY     ,1B,ACTIVO,6BCB75 ,2,F623,25P2,2025-11-01 00:00:00,2,,,,,,,,0,0,51,,,GA81N,BIMESTRAL NON,103,2025-09-25 00:00:00,2025-11-01 00:00:00,2025-11-24 14:54:00,0,0,2,RECIBIDA,6BCB75 ,Sin_Facturas,NO ENCONTRE DOMI,,,2025-11-24 14:54:17,3151,R,GA81N,6BCB75 ,0,Nor,51,NO ENCONTRE DOMI,,,GSC
2025-12-01 00:00:00,775251000061,25,DW,01,G,02,231,OROSCO LOEZA NIGEL NADIR      ,1B,ACTIVO,0AVD20 ,2,F623,25P2,2025-11-01 00:00:00,2,,,,,,,,0,0,51,,,9BBU6,BIMESTRAL NON,96,2025-10-02 00:00:00,2025-11-01 00:00:00,2025-11-19 15:22:00,0,0,2,RECIBIDA,0AVD20 ,Sin_Facturas,NO ENCONTRE DOMI,,,,,,,,,,,,,,GSC
2025-12-01 00:00:00,775251000079,25,DW,01,G,02,231,OROSCO LOEZA NIGEL NADIR      ,1B,ACTIVO,0AVD21 ,2,F623,25P2,2025-11-01 00:00:00,2,,,,,,,,0,0,51,,,9BBU6,BIMESTRAL NON,96,2025-10-02 00:00:00,2025-11-01 00:00:00,2025-11-19 15:22:00,0,0,2,RECIBIDA,0AVD21 ,Sin_Facturas,NO ENCONTRE DOMI,,,,,,,,,,,,,,GSC
2025-12-01 00:00:00,775251000117,31,DW,01,G,02,313,PACHECO UC CARLOS FERNANDO    ,1B,ACTIVO,PKN420 ,1,F123,24NX,2025-11-01 00:00:00,2,,,,,,,,0,0,51,,,GA81N,BIMESTRAL NON,94,2025-10-04 00:00:00,2025-11-01 00:00:00,2025-11-24 14:54:00,0,0,2,RECIBIDA,PKN420 ,Sin_Facturas,NO ENCONTRE DOMI,,,,,,,,,,,,,,GSC
2025-12-01 00:00:00,775251000133,31,DW,01,G,02,313,PONCE RAMOS HEIDY NOEMI       ,1B,ACTIVO,PKN422 ,1,F123,24NX,2025-11-01 00:00:00,2,,,,,,,,0,0,51,,,GA81N,BIMESTRAL NON,94,2025-10-04 00:00:00,2025-11-01 00:00:00,2025-11-24 14:54:00,0,0,2,RECIBIDA,PKN422 ,Sin_Facturas,NO ENCONTRE DOMI,,,,,,,,,,,,,,GSC
2025-12-01 00:00:00,775251000141,31,DW,01,G,02,313,UC CHAY MARCOS ANTONIO        ,1B,ACTIVO,PKN421 ,1,F123,24NX,2025-11-01 00:00:00,2,,,,,,,,0,0,51,,,GA81N,BIMESTRAL NON,94,2025-10-04 00:00:00,2025-11-01 00:00:00,2025-11-24 14:54:00,0,0,2,RECIBIDA,PKN421 ,Sin_Facturas,NO ENCONTRE DOMI,,,,,,,,,,,,,,GSC
2025-12-01 00:00:00,775251000150,31,DW,01,G,02,313,UC POOL AURIA TERESA          ,1B,ACTIVO,PKN419 ,1,F123,24NX,2025-11-01 00:00:00,2,,,,,,,,0,0,51,,,GA81N,BIMESTRAL NON,94,2025-10-04 00:00:00,2025-11-01 00:00:00,2025-11-24 14:54:00,0,0,2,RECIBIDA,PKN419 ,Sin_Facturas,NO ENCONTRE DOMI,,,,,,,,,,,,,,GSC
2025-12-01 00:00:00,776251000172,25,DW,01,H,45,251,POOT POOT JOSE LEONEL         ,1C,ACTIVO,PBR193 ,1,F123,24NX,2025-11-01 00:00:00,2,,,,,,,,0,0,53,,,9JRBT,BIMESTRAL NON,94,2025-10-04 00:00:00,2025-11-01 00:00:00,2025-11-18 09:52:00,0,0,2,RECIBIDA,PBR193 ,Sin_Facturas,UI SERV DIRECTO,,,,,,,,,,,,,,GSC
2025-12-01 00:00:00,776251000890,07,DW,01,E,37,071,ALCOCER GUERRERO JOSE FELIPE  ,1D,ACTIVO,JGA506 ,2,F623,23NU,2025-11-01 00:00:00,2,,,,,,,,0,0,51,,,9JRCB,BIMESTRAL NON,75,2025-10-23 00:00:00,2025-11-01 00:00:00,2025-11-25 10:51:00,0,0,2,RECIBIDA,JGA506 ,Sin_Facturas,NO ENCONTRE DOMI,,,,,,,,,,,,,,GSC
2025-12-01 00:00:00,776251000903,07,DW,01,E,37,071,PACHECO MEX LILIANA DEL SOCORR,1D,ACTIVO,J747GA ,2,F622,17LM,2025-11-01 00:00:00,2,,,,,,,,0,0,51,,,9JRCB,BIMESTRAL NON,75,2025-10-23 00:00:00,2025-11-01 00:00:00,2025-11-25 10:51:00,0,0,2,RECIBIDA,J747GA ,Sin_Facturas,NO ENCONTRE DOMI,,,,,,,,,,,,,,GSC
2025-12-01 00:00:00,776251001021,31,DW,01,H,53,313,POOT CANUL JOSE JUAN RAMON    ,1C,ACTIVO,0AUY72 ,2,F623,25P2,2025-09-01 00:00:00,0,,,,,,,,0,0,0,,,     ,BIMESTRAL NON,70,2025-10-28 00:00:00,2025-09-01 00:00:00,2025-10-28 00:00:00,0,0,0,INICIAL,4BDA86 ,Sin_Facturas,,,,,,,,,,,,,,,GSC
2025-12-01 00:00:00,779251002671,27,DW,01,M,24,275,NUNEZ AGUILAR FLORICELLY MARIA,1D,ACTIVO,8AUT70 ,2,F623,25P2,2025-12-01 00:00:00,2,,,,,,,,0,0,51,,,G92B3,BIMESTRAL NON,81,2025-10-17 00:00:00,2025-12-01 00:00:00,2025-12-04 10:16:00,0,0,2,RECIBIDA,8AUT70 ,Sin_Facturas,NO ENCONTRE DOMI,,,2025-12-04 10:16:17,0651,R,G92B3,8AUT70 ,0,Nor,51,NO ENCONTRE DOMI,,,GSC
2025-12-01 00:00:00,779251004088,35,DW,01,M,02,357,CORZO REYES OMAR              ,1D,ACTIVO,1BCJ11 ,2,F623,25P2,2025-11-01 00:00:00,2,,,,,,,,0,0,51,,,GAAGN,BIMESTRAL NON,75,2025-10-23 00:00:00,2025-11-01 00:00:00,2025-11-25 13:11:00,0,0,2,RECIBIDA,1BCJ11 ,Sin_Facturas,NO ENCONTRE DOMI,,,,,,,,,,,,,,GSC
2025-12-01 00:00:00,779251103701,64,DW,01,M,24,646,ZETINA RODRIGUEZ HEIDE JOAQUIN,1D,ACTIVO,RDB123 ,2,F623,24NY,2025-11-01 00:00:00,0,,,,,,,,0,0,0,,,     ,MENSUAL,42,2025-11-25 00:00:00,2025-11-01 00:00:00,2025-11-25 00:00:00,0,0,0,INICIAL,RDB123 ,Sin_Facturas,,,,,,,,,,,,,,,GSC
2025-12-01 00:00:00,780251002318,27,DW,12,A,01,271,REYES MARRUFO JUVENAL         ,1D,ACTIVO,5AUX50 ,2,F623,25P2,2025-12-01 00:00:00,2,,,,,,,,0,0,57,,,9NCWU,BIMESTRAL NON,80,2025-10-18 00:00:00,2025-12-01 00:00:00,2025-12-17 12:34:00,0,0,2,RECIBIDA,5AUX50 ,Sin_Facturas,RUTA INCOMPLETA,,,2025-12-15 15:29:40,2227,M,9NCWU,5AUX50 ,0,Nor,5X,RUTA INCOMPLETA,,,GSC
2025-12-01 00:00:00,781251000451,07,DW,12,D,01,070,PECH TEC LEONEL ALFREDO       ,1D,ACTIVO,8AUY94 ,2,F623,25P2,2026-01-01 00:00:00,2,,,,,,,,265,265,0,,,GATJM,BIMESTRAL NON,95,2025-10-03 00:00:00,2026-01-01 00:00:00,2026-01-05 12:39:00,265,265,2,RECIBIDA,8AUY94 ,Sin_Facturas,,,,,,,,,,,,,,,GSC
2025-12-01 00:00:00,781251001431,21,DW,12,B,01,211,MARTINEZ QUINTERO JESSICA MARI,1D,ACTIVO,2BDL29 ,2,F623,25P2,2025-10-01 00:00:00,0,,,,,,,,0,0,0,,,     ,BIMESTRAL NON,74,2025-10-24 00:00:00,2025-10-01 00:00:00,2025-10-24 00:00:00,0,0,0,INICIAL,2BDL29 ,Sin_Facturas,,,,,,,,,,,,,,,GSC
2025-12-01 00:00:00,783251000136,33,DW,12,D,02,330,SANCHEZ DURAN AMIGDIO         ,1B,ACTIVO,5BDA85 ,2,F623,25P2,2025-11-01 00:00:00,2,,,,,,,,317,317,0,,,9NCWK,BIMESTRAL NON,84,2025-10-14 00:00:00,2025-11-01 00:00:00,2025-11-25 14:31:00,317,317,2,RECIBIDA,5BDA85 ,Sin_Facturas,,,,,,,,,,,,,,,GSC
2025-12-01 00:00:00,783251007254,33,DW,12,D,03,335,FELIX MORALES ALFREDO         ,1B,ACTIVO,2AUN54 ,2,F623,25P2,2025-11-01 00:00:00,2,,,,,,,,28,28,0,,,9NCWK,BIMESTRAL NON,74,2025-10-24 00:00:00,2025-11-01 00:00:00,2025-11-25 14:23:00,28,28,2,RECIBIDA,2AUN54 ,Sin_Facturas,,,,,,,,,,,,,,,GSC
2025-12-01 00:00:00,785250600795,21,DW,03,A,01,001,ADNER          VAZQUEZ        ,1B,ACTIVO,9AAU70 ,2,F623,25NY,2025-11-01 00:00:00,0,,,,,,,,0,0,0,,,     ,BIMESTRAL NON,207,2025-06-13 00:00:00,2025-11-01 00:00:00,2025-06-13 00:00:00,0,0,0,INICIAL,9AAU70 ,Sin_Facturas,,,,,,,,,,,,,,,GSC
2025-12-01 00:00:00,787250400195,19,DW,03,C,81,191,HUCHIM HUCHIM EDUARDO         ,1B,ACTIVO,PJX692 ,1,F123,24NX,2025-11-01 00:00:00,0,,,,,,,,0,0,0,,,     ,BIMESTRAL NON,271,2025-04-10 00:00:00,2025-11-01 00:00:00,2025-04-10 00:00:00,0,0,0,INICIAL,PJX692 ,Sin_Facturas,,,,,,,,,,,,,,,GSC
2025-12-01 00:00:00,787250700091,27,DW,03,C,65,273,DZUL UC CLAUDIA MARIBEL       ,1B,ACTIVO,9AAU18 ,2,F623,25NY,2025-11-01 00:00:00,0,,,,,,,,0,0,0,,,     ,BIMESTRAL NON,186,2025-07-04 00:00:00,2025-11-01 00:00:00,2025-07-04 00:00:00,0,0,0,INICIAL,9AAU18 ,Sin_Facturas,,,,,,,,,,,,,,,GSC
2025-12-01 00:00:00,789250901219,06,DW,04,A,01,068,KUC MAY PABLO DE LA CRUZ      ,1F,ACTIVO,5BCJ24 ,2,F623,25P2,2025-12-01 00:00:00,2,,,,,,,,0,0,51,,,R9476,BIMESTRAL PAR,97,2025-10-01 00:00:00,2025-12-01 00:00:00,2025-12-06 12:29:00,0,0,2,RECIBIDA,5BCJ24 ,Sin_Facturas,NO ENCONTRE DOMI,,,2025-12-06 12:29:19,0854,R,R9476,5BCJ24 ,0,Nor,51,NO ENCONTRE DOMI,,,GSC
2025-12-01 00:00:00,790251100277,07,DW,04,C,88,072,BELTRAN JOSE ISAIAS           ,1F,ACTIVO,AVY072 ,1,F123,22NX,2025-11-01 00:00:00,0,,,,,,,,0,0,0,,,     ,BIMESTRAL NON,115,2025-09-13 00:00:00,2025-11-01 00:00:00,2025-11-08 00:00:00,0,0,0,INICIAL,AVY072 ,Sin_Facturas,,,,,,,,,,,,,,,GSC
2025-12-01 00:00:00,790251100307,11,DW,04,C,32,001,TORRES ROMERO EDILBERTO       ,1F,ACTIVO,PHU567 ,1,F123,24NX,2025-10-01 00:00:00,0,,,,,,,,0,0,0,,,     ,BIMESTRAL NON,115,2025-09-13 00:00:00,2025-10-01 00:00:00,2025-11-08 00:00:00,0,0,0,INICIAL,PHU567 ,Sin_Facturas,,,,,,,,,,,,,,,GSC
2025-12-01 00:00:00,791251000953,13,DW,04,D,64,001,CHAN TAMAY LIDIA ISAELA       ,1F,ACTIVO,2BCU99 ,2,F623,25P2,2025-11-01 00:00:00,0,,,,,,,,0,0,0,,,     ,BIMESTRAL NON,71,2025-10-27 00:00:00,2025-11-01 00:00:00,2025-10-27 00:00:00,0,0,0,INICIAL,2BCU99 ,Sin_Facturas,,,,,,,,,,,,,,,GSC
2025-12-01 00:00:00,798200300728,18,DW,06,C,63,631,CAN CEN SARA FAUSTA           ,1B,ACTIVO,U449VC ,1,F122,18LN,2025-12-01 00:00:00,0,,,,,,,,1906,0,0,,,     ,BIMESTRAL PAR,2109,2020-03-29 00:00:00,2025-12-01 00:00:00,2020-03-29 00:00:00,1906,0,0,INICIAL,U449VC ,Sin_Facturas,,,,,,,,,,,,,,,GSC
2025-12-01 00:00:00,798200300736,18,DW,06,C,63,631,CAN CEN SAMUEL                ,1B,ACTIVO,U418VC ,1,F122,18LN,2025-12-01 00:00:00,0,,,,,,,,4699,0,0,,,     ,BIMESTRAL PAR,2109,2020-03-29 00:00:00,2025-12-01 00:00:00,2020-03-29 00:00:00,4699,0,0,INICIAL,U418VC ,Sin_Facturas,,,,,,,,,,,,,,,GSC
2025-12-01 00:00:00,798200300744,18,DW,06,C,63,631,CAN CEN MARCOS ANTONIO        ,1B,ACTIVO,V640LD ,1,F122,19LN,2025-12-01 00:00:00,0,,,,,,,,3230,0,0,,,     ,BIMESTRAL PAR,2109,2020-03-29 00:00:00,2025-12-01 00:00:00,2020-03-29 00:00:00,3230,0,0,INICIAL,V640LD ,Sin_Facturas,,,,,,,,,,,,,,,GSC
2025-12-01 00:00:00,798210601017,37,DW,06,C,17,371,GARCIA CAAMAL SUGELI GISELA   ,1B,ACTIVO,HH569Y ,1,F123,20NT,2025-11-01 00:00:00,0,,,,,,,,0,0,0,,,     ,BIMESTRAL NON,1649,2021-07-02 00:00:00,2025-11-01 00:00:00,2021-07-02 00:00:00,0,0,0,INICIAL,HH569Y ,Sin_Facturas,,,,,,,,,,,,,,,GSC
2025-12-01 00:00:00,798250900548,37,DW,06,C,17,371,MATOS NAAL YOVANI MARAVE      ,1B,ACTIVO,PKN560 ,1,F123,24NX,2025-12-01 00:00:00,2,,,,,,,,0,0,0,,,9JR7J,BIMESTRAL NON,95,2025-10-03 00:00:00,2025-12-01 00:00:00,2025-12-05 07:56:00,0,0,2,RECIBIDA,PKN560 ,Sin_Facturas,,,,2025-12-05 07:56:21,0801,M,9JR7J,PKN560 ,0,Nor,31,SERVICIO SIN USO,LM,S,GSC
2025-12-01 00:00:00,800250801421,27,DW,07,A,02,022,UC AC ANGEL DE JESUS          ,1B,ACTIVO,XNJ179 ,1,F123,24NX,2025-11-01 00:00:00,0,,,,,,,,0,0,0,,,     ,BIMESTRAL NON,134,2025-08-25 00:00:00,2025-11-01 00:00:00,2025-08-25 00:00:00,0,0,0,INICIAL,XNJ179 ,Sin_Facturas,,,,,,,,,,,,,,,GSC
2025-12-01 00:00:00,800250901671,19,DW,07,A,05,191,CHAN CHAN CARLOS ALBERTO      ,1B,ACTIVO,7BDK54 ,2,F623,25P2,2025-11-01 00:00:00,0,,,,,,,,0,0,0,,,     ,BIMESTRAL NON,97,2025-10-01 00:00:00,2025-11-01 00:00:00,2025-10-01 00:00:00,0,0,0,INICIAL,7BDK54 ,Sin_Facturas,,,,,,,,,,,,,,,GSC
2025-12-01 00:00:00,801251001483,13,DW,07,B,06,513,QUIJANO BAQUEDANO CRISTHIAN MA,1B,ACTIVO,1ANJ24 ,1,F123,25NX,2025-11-01 00:00:00,0,,,,,,,,0,0,0,,,     ,BIMESTRAL NON,75,2025-10-23 00:00:00,2025-11-01 00:00:00,2025-10-23 00:00:00,0,0,0,INICIAL,1ANJ24 ,Sin_Facturas,,,,,,,,,,,,,,,GSC
2025-12-01 00:00:00,801251001530,17,DW,07,B,06,217,PATRON AGUILAR JACINTO JESUS  ,1B,ACTIVO,2AUM92 ,2,F623,25P2,2025-11-01 00:00:00,0,,,,,,,,0,0,0,,,     ,BIMESTRAL NON,74,2025-10-24 00:00:00,2025-11-01 00:00:00,2025-10-24 00:00:00,0,0,0,INICIAL,2AUM92 ,Sin_Facturas,,,,,,,,,,,,,,,GSC
2025-12-01 00:00:00,801251001637,17,DW,07,B,06,217,SOSA KANTUN FERNANDO ISRAEL   ,02,ACTIVO,6BCK93 ,2,F623,25P2,2025-11-01 00:00:00,0,,,,,,,,0,0,0,,,     ,BIMESTRAL NON,72,2025-10-26 00:00:00,2025-11-01 00:00:00,2025-10-26 00:00:00,0,0,0,INICIAL,6BCK93 ,Sin_Facturas,,,,,,,,,,,,,,,GSC
2025-12-01 00:00:00,802251000904,11,DW,07,C,03,111,TUN NAH JOSE JULIAN           ,1B,ACTIVO,PBE753 ,1,F123,24NX,2025-11-01 00:00:00,0,,,,,,,,0,0,0,,,     ,BIMESTRAL NON,75,2025-10-23 00:00:00,2025-11-01 00:00:00,2025-10-23 00:00:00,0,0,0,INICIAL,PBE753 ,Sin_Facturas,,,,,,,,,,,,,,,GSC
2025-12-01 00:00:00,805251000547,07,DW,08,B,67,072,CHAN UH JOSE CARLOS           ,1B,ACTIVO,6AUX34 ,2,F623,25P2,2026-01-01 00:00:00,2,,,,,,,,5,5,0,,,9JRE1,BIMESTRAL NON,71,2025-10-27 00:00:00,2026-01-01 00:00:00,2026-01-05 09:30:00,5,5,2,RECIBIDA,6AUX34 ,Sin_Facturas,,,,,,,,,,,,,,,GSC
2025-12-01 00:00:00,806251000144,04,DW,08,C,37,041,ALAMILLA PEET BEDDY NASHELY   ,1C,ACTIVO,5AUX83 ,2,F623,25P2,2025-12-01 00:00:00,0,,,,,,,,0,0,0,,,     ,BIMESTRAL PAR,88,2025-10-10 00:00:00,2025-12-01 00:00:00,2025-10-10 00:00:00,0,0,0,INICIAL,5AUX83 ,Sin_Facturas,,,,,,,,,,,,,,,GSC
2025-12-01 00:00:00,806251000179,04,DW,08,C,37,041,XOOC MATOS ANDREA ANGELICA    ,1C,ACTIVO,6AUX53 ,2,F623,25P2,2025-12-01 00:00:00,0,,,,,,,,0,0,0,,,     ,BIMESTRAL PAR,76,2025-10-22 00:00:00,2025-12-01 00:00:00,2025-10-22 00:00:00,0,0,0,INICIAL,6AUX53 ,Sin_Facturas,,,,,,,,,,,,,,,GSC
2025-12-01 00:00:00,806251000250,17,DW,08,C,28,288,GALINDO GARCIA CESAR ADOLFO   ,1C,ACTIVO,0AUN88 ,2,F623,25P2,2025-11-01 00:00:00,0,,,,,,,,0,0,0,,,     ,BIMESTRAL NON,81,2025-10-17 00:00:00,2025-11-01 00:00:00,2025-10-17 00:00:00,0,0,0,INICIAL,0AUN88 ,Sin_Facturas,,,,,,,,,,,,,,,GSC
2025-12-01 00:00:00,806251000322,16,DW,08,C,32,161,BRICENO TUN MARIELA IRENE     ,1C,ACTIVO,6AUX20 ,2,F623,25P2,2025-12-01 00:00:00,0,,,,,,,,0,0,0,,,     ,BIMESTRAL PAR,76,2025-10-22 00:00:00,2025-12-01 00:00:00,2025-10-22 00:00:00,0,0,0,INICIAL,6AUX20 ,Sin_Facturas,,,,,,,,,,,,,,,GSC
2025-12-01 00:00:00,806251000411,26,DW,08,C,28,261,MICHAEL RANCE ERIC            ,1C,ACTIVO,7DWD35 ,2,F623,25NY,2025-10-01 00:00:00,0,,,,,,,,0,0,0,,,     ,BIMESTRAL PAR,76,2025-10-22 00:00:00,2025-10-01 00:00:00,2025-10-22 00:00:00,0,0,0,INICIAL,7DWD35 ,Sin_Facturas,,,,,,,,,,,,,,,GSC
2025-12-01 00:00:00,806251000454,27,DW,08,C,36,273,KU KU MARIA LUCIA             ,1C,ACTIVO,6AUX55 ,2,F623,25P2,2025-11-01 00:00:00,0,,,,,,,,0,0,0,,,     ,BIMESTRAL NON,75,2025-10-23 00:00:00,2025-11-01 00:00:00,2025-10-23 00:00:00,0,0,0,INICIAL,6AUX55 ,Sin_Facturas,,,,,,,,,,,,,,,GSC
2025-12-01 00:00:00,809131000115,07,DW,12,F,01,070,VAZQUEZ NUNEZ RAUL A          ,1D,ACTIVO,473WW7 ,2,F622,13LM,2026-01-01 00:00:00,2,,,,,,,,2935,20,0,,,9ND5V,BIMESTRAL NON,4345,2014-02-13 00:00:00,2026-01-01 00:00:00,2026-01-05 07:02:00,2935,20,2,RECIBIDA,473WW7 ,Sin_Facturas,,,,,,,,,,,,,,,GSC
2025-12-01 00:00:00,811250300610,32,DW,22,B,01,321,JESUS          LUNA           ,1D,ACTIVO,RBM197 ,2,F623,24NY,2025-12-01 00:00:00,0,,,,,,,,0,0,0,,,     ,BIMESTRAL PAR,298,2025-03-14 00:00:00,2025-12-01 00:00:00,2025-03-14 00:00:00,0,0,0,INICIAL,RBM197 ,Sin_Facturas,,,,,,,,,,,,,,,GSC
2025-12-01 00:00:00,782120600450,33,DW,12,C,01,331,QUINONES HERNANDEZ MANUEL IVAN,1D,ACTIVO,2AUY40 ,2,F623,25P2,2024-03-01 00:00:00,2,,,,,,,,32912,229,0,,,     ,SIN TIPO DE FACTURACION,4971,2012-05-28 00:00:00,2024-03-01 00:00:00,2024-03-25 00:00:00,32912,229,2,RECIBIDA,279JJM ,Descabezado,,,,,,,,,,,,,,,GSC
2025-12-01 00:00:00,796170302264,64,DW,06,A,01,641,GOMEZ CANTO HUMBERTO JOAQUIN  ,9C,ACTIVO,A982HX ,3,KL28,16KE,2025-10-01 00:00:00,2,,,,,,,,27804,489,0,,,G92BA,SIN TIPO DE FACTURACION,3223,2017-03-11 00:00:00,2025-10-01 00:00:00,2025-10-08 08:24:00,27804,489,2,RECIBIDA,A982HX ,Descabezado,,,,,,,,,,,,,,,GSC
2025-12-01 00:00:00,801900300151,04,DW,07,B,06,403,COHUO CHUC ANDRES             ,1B,SUJETO A CORTE,,1,,,2025-05-01 00:00:00,4,0,9,2025-03-28 00:00:00,2025-05-22 00:00:00,2025-05-22 00:00:00,324,401.07999999999998,,,,,,,BIMESTRAL PAR,229,1990-03-06 00:00:00,2025-05-01 00:00:00,2025-05-22 12:22:00,29445,324,3,FINIQUITO,44XR55 ,Con_Facturas,,,,,,,,,,,,,,,GSC
2025-12-01 00:00:00,802791100622,21,DW,07,C,79,212,GUILLERMINA CANUL SANCHEZ     ,1B,ACTIVO,6CET98 ,2,F623,25P3,2025-09-01 00:00:00,1,1,7,2025-07-22 00:00:00,2025-09-22 00:00:00,2025-09-24 00:00:00,1068,3465,,,,,,,BIMESTRAL NON,106,1979-11-02 00:00:00,2025-11-01 00:00:00,2025-11-21 13:41:00,8960,0,2,RECIBIDA,JCF330 ,Con_Facturas,,,,2025-09-23 14:56:14,3151,N,G92BN,JCF330 ,0,Nor,56,NO HAY MEDIDOR,56,S,GSC
2025-12-01 00:00:00,772750410670,04,DW,01,C,01,042,ALONSO URIBE C                ,1D,ACTIVO,,2,,,2023-11-01 00:00:00,4,0,3,2023-09-29 00:00:00,2023-11-01 00:00:00,2023-11-01 00:00:00,0,30.890000000000001,,,,,,,BIMESTRAL PAR,797,1975-04-20 00:00:00,2023-11-01 00:00:00,2023-11-01 19:26:00,42849,0,3,FINIQUITO,27NM40 ,Con_Facturas,,,,,,,,,,,,,,,GSC
2025-12-01 00:00:00,773121000163,33,DW,01,D,03,330,CABRERA CARRILLO PEDRO AGUSTIN,1C,ACTIVO,,2,,,2025-04-01 00:00:00,4,0,6,2025-03-24 00:00:00,2025-04-12 00:00:00,2025-04-12 00:00:00,0,0,,,,,,,BIMESTRAL NON,269,2012-10-01 00:00:00,2025-04-01 00:00:00,2025-04-12 11:46:00,13715,99855,3,FINIQUITO,948GJ7 ,Con_Facturas,,,,,,,,,,,,,,,GSC
2025-12-01 00:00:00,773121201908,40,DW,01,D,03,403,SOSA SIERRA SAMUEL ALBERTO    ,1C,ACTIVO,8AXL27 ,2,F623,25P2,2019-07-01 00:00:00,4,0,1,2050-01-01 00:00:00,2019-07-03 00:00:00,2019-07-03 00:00:00,0,0,,,,,,,BIMESTRAL PAR,2379,2012-11-01 00:00:00,2020-10-01 00:00:00,2020-10-27 11:53:00,3004,0,2,RECIBIDA,88V06V ,Con_Facturas,,,,,,,,,,,,,,,GSC
2025-12-01 00:00:00,773830800432,31,DW,01,D,03,317,INOCENCIO YAH COB             ,1C,ACTIVO,7BDX05 ,2,F623,25P2,2025-08-01 00:00:00,4,0,3,2025-07-22 00:00:00,2025-08-21 00:00:00,2025-08-21 00:00:00,0,29.800000000000001,,,,,,,BIMESTRAL NON,138,1983-08-31 00:00:00,2025-08-01 00:00:00,2025-08-21 09:22:00,24432,0,3,FINIQUITO,A819KA ,Con_Facturas,,,,,,,,,,,,,,,GSC
2025-12-01 00:00:00,773960101587,17,DW,01,D,01,173,DALILA OSORIO AKE             ,1D,ACTIVO,4AXL99 ,2,F623,25P2,2024-08-01 00:00:00,4,0,1,2024-07-11 00:00:00,2024-08-21 00:00:00,2024-08-21 00:00:00,1022,2116.6300000000001,,,,,,,BIMESTRAL NON,503,1996-01-14 00:00:00,2024-08-01 00:00:00,2024-08-21 16:50:00,84400,1022,3,FINIQUITO,4V25R3 ,Con_Facturas,,,,,,,,,,,,,,,GSC
2025-12-01 00:00:00,315181200473,29,DW,04,B,23,291,PINA COB JAVIER JESUS         ,1F,ACTIVO,,1,,,2024-09-01 00:00:00,4,0,0,2024-07-19 00:00:00,2024-09-23 00:00:00,2024-09-23 00:00:00,0,30.16,,,,,,,BIMESTRAL NON,470,2018-12-13 00:00:00,2024-01-01 00:00:00,2024-01-19 16:31:00,5777,0,16,AJUSTADA,L639FD ,Con_Facturas,,,,2024-09-19 15:06:23,2901,L,R9476,AVR461 ,0,Nor,56,NO HAY MEDIDOR,56,S,GSC
2025-12-01 00:00:00,315250201037,15,DW,04,B,23,151,GARCIA PEDRO ESTHER JOSEFINA  ,1F,CORTADO,4BCC12 ,2,F623,25P2,2025-10-01 00:00:00,1,1,8,2025-08-18 00:00:00,2025-10-16 00:00:00,2025-10-20 00:00:00,4306,11502,,,,,,,BIMESTRAL NON,82,2025-02-20 00:00:00,2025-12-01 00:00:00,2025-12-29 15:18:00,8612,0,2,RECIBIDA,RCC618 ,Con_Facturas,,,,2025-10-17 11:41:41,2651,R,9NCVJ,RCC618 ,0,Nor,56,NO HAY MEDIDOR,56,S,GSC
2025-12-01 00:00:00,782160920945,08,DW,12,C,01,080,JIMENEZ GAYTAN JOSE ALFREDO   ,1D,ACTIVO,LV512W ,2,F623,20NU,2025-06-01 00:00:00,4,0,3,2025-06-04 00:00:00,2025-06-27 00:00:00,2025-06-27 00:00:00,0,22.59,,,,,,,BIMESTRAL PAR,193,2016-09-29 00:00:00,2025-06-01 00:00:00,2025-06-27 18:05:00,4634,0,3,FINIQUITO,CVF385 ,Con_Facturas,,,,2025-06-04 12:06:07,0801,M,9NCWW,CVF385 ,0,Nor,53,UI SERV DIRECTO,53,S,GSC
2025-12-01 00:00:00,782180203247,06,DW,12,D,01,061,HERNANDEZ MENDEZ ANDRES       ,1D,ACTIVO,3AXR86 ,2,F623,25P2,2025-12-01 00:00:00,4,0,1,2025-10-02 00:00:00,2025-10-03 00:00:00,2025-12-05 00:00:00,0,1.8500000000000001,,,,,,,BIMESTRAL PAR,95,2018-02-19 00:00:00,2025-12-01 00:00:00,2025-10-03 07:39:00,26262,0,3,FINIQUITO,480MW1 ,Con_Facturas,,,,2025-12-03 10:09:02,0602,M,9ND6M,480MW1 ,0,Nor,59,DISPLAY APAGADO,59,S,GSC
2025-12-01 00:00:00,782250903691,09,DW,12,C,01,092,AT T COMUNICACIONES DIGITALES ,02,ACTIVO,GDV234 ,3,KL28,22NJ,2025-09-01 00:00:00,1,1,9,2025-09-24 00:00:00,2025-09-25 00:00:00,2025-09-29 00:00:00,0,3469,,,,,,,BIMESTRAL NON,103,2025-09-24 00:00:00,2025-11-01 00:00:00,2025-11-26 14:30:00,0,0,2,RECIBIDA,GDV234 ,Con_Facturas,,,,,,,,,,,,,,,GSC
2025-12-01 00:00:00,783150106766,40,DW,12,D,01,403,LOPEZ ACOSTA JOSE LUIS        ,1D,ACTIVO,,2,,,2021-03-01 00:00:00,4,0,9,2021-02-26 00:00:00,2021-03-31 00:00:00,2021-03-31 00:00:00,3060,9242.6200000000008,,,,,,,BIMESTRAL PAR,1742,2015-01-26 00:00:00,2014-12-01 00:00:00,2015-01-26 00:00:00,0,0,0,INICIAL,139X2J ,Con_Facturas,,,,,,,,,,,,,,,GSC
2025-12-01 00:00:00,783940902139,06,DW,12,D,01,061,JULIO MEDINA LOPEZ            ,1D,ACTIVO,3AXR87 ,1,F623,25P2,2025-12-01 00:00:00,4,0,1,2025-10-02 00:00:00,2025-10-03 00:00:00,2025-12-05 00:00:00,0,0,,,,,,,BIMESTRAL PAR,95,1994-09-30 00:00:00,2025-12-01 00:00:00,2025-10-03 08:33:00,4997,0,3,FINIQUITO,UM011F ,Con_Facturas,,,,2025-12-03 10:05:34,0602,M,9ND6M,UM011F ,0,Nor,59,DISPLAY APAGADO,59,S,GSC
2025-12-01 00:00:00,786080800375,65,DW,03,B,17,651,UNIDA AGRICOLA ACTUN CHAC III ,9M,ACTIVO,GEC241 ,3,KL28,22NJ,2025-10-01 00:00:00,1,0,7,2025-09-05 00:00:00,2025-10-06 00:00:00,2025-10-08 00:00:00,0,430,,,,,,,MENSUAL,92,2009-10-12 00:00:00,2025-10-01 00:00:00,2025-10-06 16:44:00,99934,0,2,RECIBIDA,PY881F ,Con_Facturas,,,,2025-10-06 16:48:14,6501,L,GA6WN,PY881F ,0,Nor,31,SERVICIO SIN USO,LM,S,GSC
2025-12-01 00:00:00,789010704734,25,DW,04,A,01,255,CHIN CA FELICITAS             ,1C,ACTIVO,,1,,,2022-11-01 00:00:00,4,0,6,2022-09-15 00:00:00,2022-11-09 00:00:00,2022-11-09 00:00:00,14165,27822.27,,,,,,,BIMESTRAL NON,1154,2001-07-22 00:00:00,2022-11-01 00:00:00,2022-11-09 19:56:00,11616,830,3,FINIQUITO,956GY8 ,Con_Facturas,,,,,,,,,,,,,,,GSC
2025-12-01 00:00:00,789060100635,25,DW,04,B,23,254,PENA GONZALEZ CEFERINO        ,1F,ACTIVO,PHT587 ,1,F123,24NX,2022-09-01 00:00:00,4,0,6,2022-07-18 00:00:00,2022-09-21 00:00:00,2022-09-21 00:00:00,189,82.650000000000006,,,,,,,BIMESTRAL NON,1203,2006-01-04 00:00:00,2005-11-01 00:00:00,2006-01-04 00:00:00,0,0,0,INICIAL,0K488H ,Con_Facturas,,,,,,,,,,,,,,,GSC
2025-12-01 00:00:00,783961000437,14,DW,12,D,01,140,MACARIO PATRICIO MTZ          ,1D,CORTADO,255T4A ,2,F622,14LM,2025-10-01 00:00:00,4,0,1,2025-08-08 00:00:00,2025-08-09 00:00:00,2025-10-09 00:00:00,0,0,43718,0,0,0,0,9JRC3,BIMESTRAL PAR,150,1996-10-01 00:00:00,2025-12-01 00:00:00,2025-12-09 08:31:00,43718,0,2,RECIBIDA,255T4A ,Con_Facturas,,,,,,,,,,,,,,,GSC
2025-12-01 00:00:00,785250800531,21,DW,03,A,10,210,AYALA MOO LIDIA DE JESUS      ,1B,SUJETO A CORTE,8AND95 ,1,F123,25NX,2025-09-01 00:00:00,1,0,5,2025-08-08 00:00:00,2025-09-23 00:00:00,2025-09-25 00:00:00,11,262,11,11,0,0,0,9MCH1,BIMESTRAL NON,105,2025-08-08 00:00:00,2025-11-01 00:00:00,2025-11-24 13:11:00,50,39,2,RECIBIDA,8AND95 ,Con_Facturas,,,,,,,,,,,,,,,GSC
2025-12-01 00:00:00,783150906398,06,DW,12,D,01,061,PAREDES BRICENO JORGE IVAN    ,1D,CORTADO,809FUY ,2,F622,15LM,2025-10-01 00:00:00,4,0,5,2025-08-04 00:00:00,2025-08-05 00:00:00,2025-10-06 00:00:00,0,0,15422,0,0,0,0,9JRC3,BIMESTRAL PAR,154,2015-10-04 00:00:00,2025-12-01 00:00:00,2025-12-03 09:45:00,15422,0,2,RECIBIDA,809FUY ,Con_Facturas,,,,,,,,,,,,,,,GSC
2025-12-01 00:00:00,783191206538,05,DW,12,D,01,053,MORALES PARDO GLORIA AMERICA  ,1D,ACTIVO,RME263 ,2,F623,24NY,2025-09-01 00:00:00,4,0,8,2025-07-03 00:00:00,2025-07-04 00:00:00,2025-09-03 00:00:00,0,0,815,0,0,0,0,9JRC3,BIMESTRAL NON,186,2019-12-24 00:00:00,2026-01-01 00:00:00,2026-01-02 14:12:00,1976,1161,2,RECIBIDA,RME263 ,Con_Facturas,,,,,,,,,,,,,,,GSC
2025-12-01 00:00:00,783210502917,06,DW,12,D,01,062,ROMAN CARRETA FABIOLA ADRIANA ,1D,ACTIVO,NK919E ,2,F623,20NU,2025-10-01 00:00:00,1,0,3,2025-08-19 00:00:00,2025-10-17 00:00:00,2025-10-21 00:00:00,906,1342,10513,906,0,0,0,GAALN,BIMESTRAL PAR,81,2021-05-08 00:00:00,2025-10-01 00:00:00,2025-10-17 11:02:00,10513,906,2,RECIBIDA,NK919E ,Con_Facturas,,,,,,,,,,,,,,,GSC
2025-12-01 00:00:00,783210700468,02,DW,12,D,01,021,CASTRO REYES SANTA JUANA      ,1D,CORTADO,MB748K ,2,F623,20NU,2025-08-01 00:00:00,4,0,2,2025-05-30 00:00:00,2025-05-31 00:00:00,2025-08-04 00:00:00,0,0,18072,0,0,0,0,9BBTM,BIMESTRAL PAR,220,2021-07-03 00:00:00,2025-12-01 00:00:00,2025-12-01 07:30:00,18072,0,2,RECIBIDA,MB748K ,Con_Facturas,,,,,,,,,,,,,,,GSC
2025-12-01 00:00:00,783211001849,31,DW,12,C,01,310,BRITO YAMA WILBERT SOCORRO    ,1D,CORTADO,831EGC ,1,F122,15LN,2024-09-01 00:00:00,4,0,1,2024-07-23 00:00:00,2024-08-28 00:00:00,2024-09-25 00:00:00,118,133.16,6422,118,0,0,0,9BBTM,BIMESTRAL NON,496,2021-09-25 00:00:00,2022-05-01 00:00:00,2022-05-27 09:06:00,33838,1138,22,,47H2D1 ,Con_Facturas,,,,,,,,,,,,,,,GSC
2025-12-01 00:00:00,783230405390,06,DW,12,D,01,061,CAJUN ORTUNO JUAN EMILIO      ,1D,CORTADO,UW503R ,2,F623,21NY,2025-10-01 00:00:00,4,0,8,2025-08-04 00:00:00,2025-08-05 00:00:00,2025-10-06 00:00:00,0,1.52,6739,0,0,0,0,9JRC3,BIMESTRAL PAR,154,2023-04-28 00:00:00,2025-12-01 00:00:00,2025-12-03 12:30:00,6739,0,2,RECIBIDA,UW503R ,Con_Facturas,,,,,,,,,,,,,,,GSC
2025-12-01 00:00:00,783230501810,35,DW,12,D,04,037,GARCIA GUTIERREZ GUADALUPE    ,1D,ACTIVO,1AAW58 ,2,F623,25NY,2025-09-01 00:00:00,1,C,1,2024-03-25 00:00:00,2025-09-25 00:00:00,2025-09-29 00:00:00,812,0,1,812,0,0,0,9MCEP,BIMESTRAL NON,103,2023-05-07 00:00:00,2025-09-01 00:00:00,2025-09-25 16:09:00,2404,0,16,AJUSTADA,UK779U ,Con_Facturas,,,,2025-09-26 12:41:00,3751,R,9ND6M,1AAW58 ,1,Nor,31,SERVICIO SIN USO,LM,S,GSC
2025-12-01 00:00:00,783230606930,35,DW,12,D,04,037,ROBERTOS CANUL ROSINA MARIA   ,1D,ACTIVO,UN261K ,2,F623,21NY,2025-10-01 00:00:00,1,1,1,2025-08-13 00:00:00,2025-10-13 00:00:00,2025-10-15 00:00:00,0,59,0,0,57,0,0,GA4HN,BIMESTRAL NON,85,2023-07-26 00:00:00,2025-12-01 00:00:00,2025-12-12 12:06:00,0,0,2,RECIBIDA,UN261K ,Con_Facturas,RUTA INCOMPLETA,,,2025-10-13 18:38:26,2001,M,GA4HN,UN261K ,0,Nor,5X,RUTA INCOMPLETA,,,GSC
2025-12-01 00:00:00,783241104472,20,DW,12,D,01,200,CHIMAL ABAN LORENZO           ,02,ACTIVO,WPA260 ,2,F623,24P2,2025-10-01 00:00:00,1,1,1,2025-08-14 00:00:00,2025-10-14 00:00:00,2025-10-16 00:00:00,0,102,15,0,56,0,0,9NCX3,BIMESTRAL PAR,84,2024-11-25 00:00:00,2025-12-01 00:00:00,2025-12-15 08:02:00,15,0,2,RECIBIDA,WPA260 ,Con_Facturas,NO HAY MEDIDOR,,,2025-10-14 16:00:05,2202,L,9NCX3,WPA260 ,0,Nor,56,NO HAY MEDIDOR,56,S,GSC
2025-12-01 00:00:00,783250701971,35,DW,12,D,04,037,RODRIGUEZ ROMERO GILBERTO     ,1D,ACTIVO,5DVH49 ,2,F623,25NY,2025-09-01 00:00:00,1,0,1,2025-07-25 00:00:00,2025-09-25 00:00:00,2025-09-29 00:00:00,113,133,140,113,0,0,0,9ND6M,BIMESTRAL NON,103,2025-07-07 00:00:00,2025-11-01 00:00:00,2025-11-26 07:46:00,206,66,2,RECIBIDA,5DVH49 ,Con_Facturas,,,,,,,,,,,,,,,GSC
2025-12-01 00:00:00,782850801094,05,DW,12,C,01,051,FERNANDO LOPEZ ALPUCHE        ,1D,ACTIVO,0M9P39 ,2,F421,01GH,2025-04-01 00:00:00,4,0,1,2025-03-03 00:00:00,2025-04-29 00:00:00,2025-04-29 00:00:00,0,0,52720,0,0,0,0,Y2000,BIMESTRAL NON,252,1985-08-01 00:00:00,2026-01-01 00:00:00,2026-01-02 09:41:00,52720,0,2,RECIBIDA,0M9P39 ,Con_Facturas,,,,,,,,,,,,,,,GSC
2025-12-01 00:00:00,783000459610,31,DW,12,D,01,313,MARIO ALCARAZ RUIZ            ,1D,CORTADO,Y484BR ,2,F623,19NU,2023-09-01 00:00:00,4,0,1,2023-07-21 00:00:00,2023-07-22 00:00:00,2023-09-25 00:00:00,0,0,10222,0,0,0,0,9JRC3,BIMESTRAL NON,899,2000-04-20 00:00:00,2025-11-01 00:00:00,2025-11-21 12:09:00,10222,0,2,RECIBIDA,Y484BR ,Con_Facturas,,,,,,,,,,,,,,,GSC
2025-12-01 00:00:00,783081010930,39,DW,12,D,01,390,GONZALEZ SMITH MARIA          ,1D,CORTADO,677EBU ,2,F622,15LM,2023-11-01 00:00:00,4,0,4,2023-09-27 00:00:00,2023-09-28 00:00:00,2023-11-29 00:00:00,0,0,23004,0,0,0,0,9BBTM,BIMESTRAL NON,831,2008-10-31 00:00:00,2008-09-01 00:00:00,2008-10-01 00:00:00,0,0,0,INICIAL,59C6L8 ,Con_Facturas,,,,,,,,,,,,,,,GSC
2025-12-01 00:00:00,783130803983,27,DW,12,D,01,277,XEQUEB PANTI MARTHA ELENA     ,1D,CORTADO,78NF56 ,2,F621,07F3,2024-05-01 00:00:00,4,0,2,2024-03-19 00:00:00,2024-03-20 00:00:00,2024-05-22 00:00:00,0,1.3300000000000001,21413,0,0,0,0,9BBTM,BIMESTRAL NON,657,2013-08-13 00:00:00,2025-11-01 00:00:00,2025-11-19 10:12:00,21413,0,2,RECIBIDA,78NF56 ,Con_Facturas,,,,2024-05-20 11:49:56,2704,L,GATJM,78NF56 ,0,Nor,56,NO HAY MEDIDOR,56,S,GSC
2025-12-01 00:00:00,783141101379,19,DW,12,D,01,190,MAS RIOS MARIA GUADALUPE      ,1D,CORTADO,REG545 ,2,F623,24NY,2025-01-01 00:00:00,4,0,4,2024-11-12 00:00:00,2024-11-13 00:00:00,2025-01-15 00:00:00,0,0,298,0,0,0,0,9BBTM,BIMESTRAL NON,419,2014-11-06 00:00:00,2024-09-01 00:00:00,2024-09-10 00:00:00,15175,0,2,RECIBIDA,149T9T ,Con_Facturas,,,,2025-01-13 08:36:33,1902,L,R9954,REG545 ,0,Nor,53,UI SERV DIRECTO,53,S,GSC
2025-12-01 00:00:00,782250801520,11,DW,12,D,01,115,MARTINEZ MUNOZ RODRIGO        ,1D,ACTIVO,3DVD11 ,2,F623,25NY,2025-10-01 00:00:00,1,1,7,2025-08-09 00:00:00,2025-10-08 00:00:00,2025-10-10 00:00:00,0,714,0,0,57,0,0,9P157,BIMESTRAL NON,90,2025-08-09 00:00:00,2025-10-01 00:00:00,2025-10-10 11:13:00,0,0,2,RECIBIDA,3DVD11 ,Con_Facturas,RUTA INCOMPLETA,,,2025-10-08 19:01:14,1402,M,9P157,3DVD11 ,0,Nor,5X,RUTA INCOMPLETA,,,GSC
2025-12-01 00:00:00,774250200841,23,DW,01,E,37,237,MAGANA CETZ GABRIELA ESMERALDA,1D,ACTIVO,RBF195 ,2,F623,24NY,2025-09-01 00:00:00,1,1,0,2025-07-24 00:00:00,2025-09-24 00:00:00,2025-09-26 00:00:00,0,59,0,0,51,0,0,R9631,BIMESTRAL NON,104,2025-02-10 00:00:00,2025-11-01 00:00:00,2025-11-26 11:53:00,0,0,2,RECIBIDA,RBF195 ,Con_Facturas,NO ENCONTRE DOMI,,,2025-09-25 08:45:06,3552,R,R9631,RBF195 ,0,Nor,51,NO ENCONTRE DOMI,,,GSC
2025-12-01 00:00:00,774250500331,23,DW,01,E,02,235,VENTURA FERNANDEZ ELSY GRISEL ,1D,ACTIVO,YA151F ,2,F623,21NU,2025-10-01 00:00:00,1,1,0,2025-08-11 00:00:00,2025-10-09 00:00:00,2025-10-13 00:00:00,0,59,0,0,51,0,0,9MCDA,BIMESTRAL NON,89,2025-05-06 00:00:00,2025-10-01 00:00:00,2025-06-11 12:47:00,0,0,4,ESTIMADA-P,YA151F ,Con_Facturas,NO ENCONTRE DOMI,,,2025-10-10 12:47:23,1651,R,9MCDA,YA151F ,0,Nor,51,NO ENCONTRE DOMI,,,GSC
2025-12-01 00:00:00,774250502953,11,DW,01,E,37,112,VILLA AGUILAR LUIS ALONSO     ,1D,ACTIVO,4AAB34 ,2,F623,25NY,2025-09-01 00:00:00,1,1,1,2025-07-11 00:00:00,2025-09-09 00:00:00,2025-09-11 00:00:00,0,59,0,0,51,0,0,R9689,BIMESTRAL NON,119,2025-05-29 00:00:00,2025-11-01 00:00:00,2025-11-12 10:13:00,0,0,2,RECIBIDA,4AAB34 ,Con_Facturas,NO ENCONTRE DOMI,,,2025-09-11 08:45:01,1751,R,R9689,4AAB34 ,0,Nor,51,NO ENCONTRE DOMI,,,GSC
2025-12-01 00:00:00,774250600301,09,DW,01,E,37,071,ELIAS GARCIA HECTOR AURELIO   ,1D,ACTIVO,RBY363 ,2,F623,24NY,2025-09-01 00:00:00,1,0,3,2025-07-14 00:00:00,2025-09-10 00:00:00,2025-09-12 00:00:00,1318,2281,2359,1318,0,0,0,9JRB9,BIMESTRAL NON,118,2025-06-06 00:00:00,2025-11-01 00:00:00,2025-11-12 11:45:00,3363,1004,2,RECIBIDA,RBY363 ,Con_Facturas,,,,,,,,,,,,,,,GSC
2025-12-01 00:00:00,774250702545,02,DW,01,E,02,024,SEGOVIA SOSA ADDY ASUNCION    ,1D,ACTIVO,6DWB72 ,2,F623,25NY,2025-10-01 00:00:00,1,1,1,2025-08-25 00:00:00,2025-10-23 00:00:00,2025-10-27 00:00:00,0,61,0,0,51,0,0,9MCGC,BIMESTRAL PAR,75,2025-07-17 00:00:00,2025-10-01 00:00:00,2025-08-26 11:20:00,0,0,4,ESTIMADA-P,6DWB72 ,Con_Facturas,NO ENCONTRE DOMI,,,2025-10-24 11:20:19,3651,R,9MCGC,6DWB72 ,0,Nor,51,NO ENCONTRE DOMI,,,GSC
2025-12-01 00:00:00,773130400972,32,DW,01,D,01,320,OJEDA CHI JOSE CESAR          ,1C,ACTIVO,634TX6 ,1,F122,12LH,2025-10-01 00:00:00,1,1,5,2025-08-21 00:00:00,2025-10-21 00:00:00,2025-10-23 00:00:00,16,62,9158,16,56,0,0,9EMCB,BIMESTRAL PAR,77,2013-04-03 00:00:00,2025-12-01 00:00:00,2025-12-30 16:58:00,9158,0,2,RECIBIDA,634TX6 ,Con_Facturas,NO HAY MEDIDOR,,,2025-10-22 09:47:40,3251,R,9EMCB,634TX6 ,0,Nor,56,NO HAY MEDIDOR,56,S,GSC
2025-12-01 00:00:00,773240500697,32,DW,01,D,04,324,CRUZ ARCOS ENRIQUE            ,1C,ACTIVO,JGA947 ,2,F623,23NU,2025-10-01 00:00:00,1,1,9,2025-08-25 00:00:00,2025-10-23 00:00:00,2025-10-27 00:00:00,0,60,1,0,51,0,0,9EMCB,BIMESTRAL PAR,75,2024-05-06 00:00:00,2025-12-01 00:00:00,2025-12-29 12:10:00,1,0,2,RECIBIDA,JGA947 ,Con_Facturas,NO ENCONTRE DOMI,,,2025-10-24 14:10:59,3651,R,9EMCB,JGA947 ,0,Nor,51,NO ENCONTRE DOMI,,,GSC
2025-12-01 00:00:00,773240801131,15,DW,01,D,01,157,UICAB LEY MARIA JOSE          ,02,ACTIVO,RDP659 ,2,F623,24NY,2025-10-01 00:00:00,1,1,1,2025-08-27 00:00:00,2025-10-27 00:00:00,2025-10-29 00:00:00,74,490,608,74,51,0,0,R9689,BIMESTRAL NON,71,2024-09-10 00:00:00,2025-10-01 00:00:00,2025-06-27 11:56:00,608,74,8,ESTIMADA-C,RDP659 ,Con_Facturas,NO ENCONTRE DOMI,,,2025-10-28 11:55:45,4052,R,R9689,RDP659 ,0,Nor,51,NO ENCONTRE DOMI,,,GSC
2025-12-01 00:00:00,773250902271,27,DW,01,D,03,275,CON  EL SABOR DE YUCATAN      ,02,ACTIVO,5BCG42 ,2,F623,25P2,2025-09-01 00:00:00,1,1,4,2025-09-11 00:00:00,2025-09-24 00:00:00,2025-09-26 00:00:00,0,3057,0,0,57,0,0,9MCDC,BIMESTRAL NON,104,2025-09-11 00:00:00,2025-11-01 00:00:00,2025-11-26 12:09:00,0,0,2,RECIBIDA,5BCG42 ,Con_Facturas,RUTA INCOMPLETA,,,2025-09-24 13:18:40,3527,L,9ND4J,5BCG42 ,0,Nor,51,NO ENCONTRE DOMI,,,GSC
2025-12-01 00:00:00,806240100759,17,DW,08,C,28,288,CHI CIME JOSUE ISRAEL         ,1C,ACTIVO,AWE531 ,1,F123,22NX,2025-09-01 00:00:00,1,0,8,2025-07-17 00:00:00,2025-09-17 00:00:00,2025-09-19 00:00:00,575,728,1615,575,0,0,0,GAPTM,BIMESTRAL NON,111,2024-01-31 00:00:00,2025-11-01 00:00:00,2025-11-18 10:43:00,1568,0,2,RECIBIDA,AWE531 ,Con_Facturas,,,,,,,,,,,,,,,GSC
2025-12-01 00:00:00,806240200028,17,DW,08,C,28,288,ESQUIVEL BALAM LESLY JUDITH   ,1C,ACTIVO,KKV145 ,2,F623,23NU,2025-09-01 00:00:00,1,0,7,2025-07-17 00:00:00,2025-09-17 00:00:00,2025-09-19 00:00:00,660,1268,5723,660,0,0,0,GAPTM,BIMESTRAL NON,111,2024-02-01 00:00:00,2025-11-01 00:00:00,2025-11-18 10:47:00,6370,647,2,RECIBIDA,KKV145 ,Con_Facturas,,,,,,,,,,,,,,,GSC
2025-12-01 00:00:00,806240200044,17,DW,08,C,28,288,CHI CAUICH JOSE ANDRES        ,1C,ACTIVO,AWE535 ,1,F123,22NX,2025-09-01 00:00:00,1,0,9,2025-07-17 00:00:00,2025-09-17 00:00:00,2025-09-19 00:00:00,313,371,2015,313,0,0,0,GAPTM,BIMESTRAL NON,111,2024-02-03 00:00:00,2025-11-01 00:00:00,2025-11-18 10:44:00,2151,136,2,RECIBIDA,AWE535 ,Con_Facturas,,,,,,,,,,,,,,,GSC
2025-12-01 00:00:00,315170400845,13,DW,04,B,23,132,HERRERA PAAT LIDIA LOURDES    ,1F,CORTADO,724VBM ,1,F122,16LN,2025-09-01 00:00:00,1,1,1,2025-07-10 00:00:00,2025-09-08 00:00:00,2025-09-10 00:00:00,0,29,3892,0,60,0,0,9MCHU,BIMESTRAL NON,120,2017-04-19 00:00:00,2025-11-01 00:00:00,2025-11-10 10:23:00,3892,0,2,RECIBIDA,724VBM ,Con_Facturas,MEDID NO TRABAJA,,,2025-09-08 11:00:06,1551,R,9MCHU,724VBM ,0,Opt,60,MEDID NO TRABAJA,60,S,GSC
2025-12-01 00:00:00,315181100258,07,DW,04,B,23,075,ROSADO SANCHEZ ROMAN          ,1F,ACTIVO,U354VA ,1,F122,18LN,2025-08-01 00:00:00,4,0,8,2025-07-04 00:00:00,2025-08-25 00:00:00,2025-08-25 00:00:00,181,0,7393,181,0,0,0,Y2000,BIMESTRAL NON,134,2018-11-13 00:00:00,2026-01-01 00:00:00,2026-01-05 12:40:00,396,190,2,RECIBIDA,U354VA ,Con_Facturas,,,,,,,,,,,,,,,GSC
2025-12-01 00:00:00,781160201152,19,DW,12,B,01,019,ADORNO GARCIA JOSE DEL CARMEN ,1D,ACTIVO,REC206 ,2,F623,24NY,2025-09-01 00:00:00,4,0,0,2025-07-14 00:00:00,2025-09-07 00:00:00,2025-09-12 00:00:00,634,806.87,2980,634,0,0,0,9JRC3,BIMESTRAL NON,121,2016-02-11 00:00:00,2024-11-01 00:00:00,2024-11-12 00:00:00,7286,686,2,RECIBIDA,KKW018 ,Con_Facturas,,,,,,,,,,,,,,,GSC
2025-12-01 00:00:00,781201000027,04,DW,12,B,01,044,LORIA CORREA JORGE CARLOS     ,1D,CORTADO,LV198W ,2,F623,20NU,2025-04-01 00:00:00,4,0,9,2025-01-28 00:00:00,2025-01-29 00:00:00,2025-04-02 00:00:00,0,0,23241,0,0,0,0,9JRC3,BIMESTRAL PAR,342,2020-10-02 00:00:00,2025-12-01 00:00:00,2025-12-02 15:10:00,23241,0,2,RECIBIDA,LV198W ,Con_Facturas,,,,,,,,,,,,,,,GSC
2025-12-01 00:00:00,781980501568,18,DW,12,B,01,220,ARGUELLES ARCOS FELIPE ALBERTO,1D,CORTADO,KKU615 ,2,F623,23NU,2024-10-01 00:00:00,4,0,1,2024-08-12 00:00:00,2024-08-13 00:00:00,2024-10-14 00:00:00,0,0,2695,0,0,0,0,9BBTM,BIMESTRAL PAR,511,1998-05-31 00:00:00,2021-06-01 00:00:00,2021-06-15 00:00:00,10990,0,2,RECIBIDA,69W74B ,Con_Facturas,,,,2024-10-10 08:59:30,1801,L,9NCX2,KKU615 ,0,Nor,56,NO HAY MEDIDOR,56,S,GSC
2025-12-01 00:00:00,771250604218,13,DW,01,B,01,132,CARDENAS VERMONT RUBEN ARMAND ,1D,ACTIVO,8DWB99 ,2,F623,25NY,2025-09-01 00:00:00,1,C,7,2025-07-18 00:00:00,2025-09-23 00:00:00,2025-09-25 00:00:00,90,757,90,90,0,0,0,9ND7B,BIMESTRAL NON,105,2025-07-18 00:00:00,2025-09-01 00:00:00,2025-09-23 18:05:00,90,90,16,AJUSTADA,8DWB99 ,Con_Facturas,,,,,,,,,,,,,,,GSC
2025-12-01 00:00:00,771250701361,33,DW,01,G,04,331,REYES PISTE ANDRES MANUEL     ,1D,ACTIVO,1DVV67 ,2,F623,25NY,2025-10-01 00:00:00,1,1,8,2025-08-25 00:00:00,2025-10-23 00:00:00,2025-10-27 00:00:00,0,60,0,0,51,0,0,9MCGC,BIMESTRAL NON,75,2025-07-10 00:00:00,2025-10-01 00:00:00,2025-08-26 08:38:00,0,0,4,ESTIMADA-P,1DVV67 ,Con_Facturas,NO ENCONTRE DOMI,,,2025-10-24 08:38:05,3651,R,9MCGC,1DVV67 ,0,Nor,51,NO ENCONTRE DOMI,,,GSC
2025-12-01 00:00:00,771250702961,11,DW,01,B,01,111,ALTAMIRANO RANGEL RICARDO ADRI,02,ACTIVO,7DWB33 ,2,F623,25NY,2025-10-01 00:00:00,1,1,1,2025-08-26 00:00:00,2025-10-24 00:00:00,2025-10-28 00:00:00,0,102,0,0,57,0,0,GAAGN,BIMESTRAL NON,74,2025-07-24 00:00:00,2025-10-01 00:00:00,2025-10-24 16:51:00,0,0,4,ESTIMADA-P,7DWB33 ,Con_Facturas,RUTA INCOMPLETA,,,2025-10-24 15:52:21,3801,L,9NCYK,7DWB33 ,0,Nor,51,NO ENCONTRE DOMI,,,GSC
2025-12-01 00:00:00,771251001924,22,DW,01,B,02,226,CENTRO UNIVERSITARIO MONTEJO  ,02,ACTIVO,7BCR46 ,2,F623,25P2,2025-10-01 00:00:00,1,1,4,2025-10-17 00:00:00,2025-10-21 00:00:00,2025-10-23 00:00:00,0,3041,0,0,51,0,0,9EMCB,BIMESTRAL PAR,77,2025-10-17 00:00:00,2025-12-01 00:00:00,2025-12-23 11:26:00,0,0,2,RECIBIDA,7BCR46 ,Con_Facturas,NO ENCONTRE DOMI,,,2025-10-22 14:25:05,3251,R,9EMCB,7BCR46 ,0,Nor,51,NO ENCONTRE DOMI,,,GSC
2025-12-01 00:00:00,772240500330,04,DW,01,C,01,043,CEBOLLOS GOMGORA JULIA MARGARI,1D,ACTIVO,JFX327 ,2,F623,23NU,2025-04-01 00:00:00,4,0,8,2025-01-28 00:00:00,2025-04-01 00:00:00,2025-04-01 00:00:00,0,0,289,0,0,0,0,Y2000,BIMESTRAL PAR,280,2024-05-10 00:00:00,2025-12-01 00:00:00,2025-12-03 09:57:00,289,0,2,RECIBIDA,JFX327 ,Con_Facturas,,,,,,,,,,,,,,,GSC
2025-12-01 00:00:00,772250200733,29,DW,01,J,03,291,CUPIL DIAZ ANDRES             ,1C,ACTIVO,RCE793 ,2,F623,24NY,2025-10-01 00:00:00,1,1,0,2025-07-24 00:00:00,2025-10-02 00:00:00,2025-10-06 00:00:00,0,68,0,0,57,0,0,R9712,BIMESTRAL NON,96,2025-02-18 00:00:00,2025-12-01 00:00:00,2025-12-03 16:43:00,0,0,2,RECIBIDA,RCE793 ,Con_Facturas,RUTA INCOMPLETA,,,2025-10-02 18:38:09,0601,M,9NCYF,RCE793 ,0,Nor,51,NO ENCONTRE DOMI,,,GSC
2025-12-01 00:00:00,772250602092,05,DW,01,C,02,057,NUNEZ CARRILLO REYNA DEL SOCOR,1D,ACTIVO,1DVU13 ,2,F623,25NY,2025-07-01 00:00:00,1,1,5,2025-06-19 00:00:00,2025-07-08 00:00:00,2025-07-10 00:00:00,0,668,0,0,51,0,0,9JRB9,BIMESTRAL NON,182,2025-06-19 00:00:00,2026-01-01 00:00:00,2026-01-02 12:55:00,206,206,2,RECIBIDA,1DVU13 ,Con_Facturas,NO ENCONTRE DOMI,,,,,,,,,,,,,,GSC
2025-12-01 00:00:00,772250701074,17,DW,01,C,02,176,GUARDIA NACIONAL              ,02,ACTIVO,RXU597 ,3,KL28,24NJ,2025-10-01 00:00:00,1,1,6,2025-08-08 00:00:00,2025-10-08 00:00:00,2025-10-10 00:00:00,0,97,0,0,51,0,0,9ND5H,BIMESTRAL NON,90,2025-07-18 00:00:00,2025-12-01 00:00:00,2025-12-10 12:32:00,0,0,2,RECIBIDA,RXU597 ,Con_Facturas,NO ENCONTRE DOMI,,,2025-10-09 09:32:42,1451,N,9ND5H,RXU597 ,0,Nor,51,NO ENCONTRE DOMI,,,GSC
2025-12-01 00:00:00,801251000142,08,DW,07,B,06,802,MEDINA RODRIGUEZ CONSTRUCCIONE,1B,ACTIVO,8DVJ63 ,2,F623,25NY,2025-10-01 00:00:00,1,1,8,2025-10-07 00:00:00,2025-10-27 00:00:00,2025-10-29 00:00:00,0,659,0,0,60,0,0,R9871,BIMESTRAL PAR,71,2025-10-07 00:00:00,2025-12-01 00:00:00,2025-12-29 17:34:00,0,0,2,RECIBIDA,8DVJ63 ,Con_Facturas,MEDID NO TRABAJA,,,2025-10-27 09:22:34,4027,L,R9871,8DVJ63 ,0,Nor,60,MEDID NO TRABAJA,60,S,GSC
2025-12-01 00:00:00,797250700089,15,DW,06,B,01,151,RAMIREZ MEX MARIO             ,1B,ACTIVO,8DUY53 ,2,F623,25NY,2025-09-01 00:00:00,1,C,7,2025-07-01 00:00:00,2025-09-25 00:00:00,2025-09-29 00:00:00,230,911,230,230,0,0,0,9N4CC,BIMESTRAL NON,103,2025-07-01 00:00:00,2025-09-01 00:00:00,2025-09-25 12:47:00,230,230,16,AJUSTADA,8DUY53 ,Con_Facturas,,,,,,,,,,,,,,,GSC
2025-12-01 00:00:00,797250700691,15,DW,06,B,01,152,NOH TUN SOFIA                 ,1B,ACTIVO,XML550 ,1,F123,24NX,2025-10-01 00:00:00,1,1,5,2025-08-04 00:00:00,2025-10-02 00:00:00,2025-10-06 00:00:00,0,56,0,0,51,0,0,R9174,BIMESTRAL NON,96,2025-07-16 00:00:00,2025-10-01 00:00:00,2025-08-04 14:04:00,0,0,4,ESTIMADA-P,XML550 ,Con_Facturas,NO ENCONTRE DOMI,,,2025-10-02 14:04:06,0601,M,R9174,XML550 ,0,Nor,51,NO ENCONTRE DOMI,,,GSC
2025-12-01 00:00:00,791950900030,11,DW,04,D,48,112,EUDALDO CHI CANUL             ,1F,ACTIVO,4J600A ,1,F121,05JL,2022-04-01 00:00:00,4,0,5,2022-03-09 00:00:00,2022-04-21 00:00:00,2022-04-21 00:00:00,605,1284.6800000000001,77111,0,0,0,0,9EMM3,BIMESTRAL NON,1356,1995-09-08 00:00:00,2025-11-01 00:00:00,2025-11-10 09:20:00,46282,760,2,RECIBIDA,4J600A ,Con_Facturas,,,,,,,,,,,,,,,GSC
2025-12-01 00:00:00,793040100733,05,DW,04,F,73,051,CASADOS DIAZ LAZARO           ,1F,ACTIVO,38X14L ,1,F12H,11KU,2025-10-01 00:00:00,1,0,1,2025-08-27 00:00:00,2025-10-27 00:00:00,2025-10-29 00:00:00,228,194,8614,228,0,0,0,9JRAL,BIMESTRAL NON,71,2004-01-21 00:00:00,2004-01-01 00:00:00,2004-01-21 00:00:00,0,0,0,INICIAL,4L05W2 ,Con_Facturas,,,,,,,,,,,,,,,GSC
2025-12-01 00:00:00,793130702091,05,DW,04,F,73,051,ANGELES ZACARIAS JESUS        ,1F,ACTIVO,Y637MT ,2,F623,19NU,2025-10-01 00:00:00,1,1,5,2025-08-13 00:00:00,2025-10-27 00:00:00,2025-10-29 00:00:00,157,135,1146,157,51,0,0,9JRAL,BIMESTRAL NON,71,2013-07-24 00:00:00,2013-07-01 00:00:00,2013-07-24 00:00:00,0,0,0,INICIAL,923VD7 ,Con_Facturas,NO ENCONTRE DOMI,,,2025-10-27 15:24:29,4026,L,9JRAL,Y637MT ,0,Nor,51,NO ENCONTRE DOMI,,,GSC
2025-12-01 00:00:00,794161100150,14,DW,04,G,27,001,ANICETO DOMINGUEZ GUATEMALA   ,1F,ACTIVO,675CYK ,1,F122,15LN,2025-10-01 00:00:00,1,0,7,2025-08-22 00:00:00,2025-10-22 00:00:00,2025-10-24 00:00:00,244,173,15414,244,0,0,0,R9642,BIMESTRAL PAR,76,2016-11-07 00:00:00,2025-10-01 00:00:00,2025-10-22 17:51:00,15414,244,2,RECIBIDA,675CYK ,Con_Facturas,,,,,,,,,,,,,,,GSC
2025-12-01 00:00:00,794180103844,28,DW,04,G,20,282,SALAZAR GARCIA MARGARITO      ,1F,ACTIVO,876RBJ ,1,F122,16LN,2025-10-01 00:00:00,1,0,0,2025-08-25 00:00:00,2025-10-23 00:00:00,2025-10-27 00:00:00,15,42,180,15,0,0,0,R9642,BIMESTRAL PAR,75,2018-01-23 00:00:00,2025-10-01 00:00:00,2025-10-23 23:15:00,180,15,2,RECIBIDA,876RBJ ,Con_Facturas,,,,,,,,,,,,,,,GSC
2025-12-01 00:00:00,794181100687,11,DW,04,G,34,004,JIMENEZ LANDERO MANUELA       ,1F,CORTADO,34B81E ,1,F12H,10KU,2025-09-01 00:00:00,1,1,4,2025-07-10 00:00:00,2025-09-08 00:00:00,2025-09-10 00:00:00,45,29,8054,45,53,0,0,R9642,BIMESTRAL NON,120,2018-11-14 00:00:00,2025-11-01 00:00:00,2025-11-11 21:39:00,8054,0,2,RECIBIDA,34B81E ,Con_Facturas,UI SERV DIRECTO,,,2025-09-09 11:09:46,1551,R,R9642,34B81E ,0,Nor,53,UI SERV DIRECTO,53,S,GSC
2025-12-01 00:00:00,789750103394,05,DW,04,A,01,054,MARIA DEL C PACHECO           ,1F,ACTIVO,052MCC ,1,F12J,15MR,2025-05-01 00:00:00,4,0,4,2025-02-28 00:00:00,2025-05-01 00:00:00,2025-05-02 00:00:00,0,48.450000000000003,49,0,0,0,0,Y2000,BIMESTRAL NON,250,1975-01-18 00:00:00,2026-01-01 00:00:00,2026-01-02 14:01:00,132,83,2,RECIBIDA,052MCC ,Con_Facturas,,,,,,,,,,,,,,,GSC
2025-12-01 00:00:00,789790200759,04,DW,04,A,01,043,ANEYDA M VERA DE V            ,1F,ACTIVO,69X46J ,1,F12H,11KU,2025-10-01 00:00:00,1,0,7,2025-08-08 00:00:00,2025-10-08 00:00:00,2025-10-10 00:00:00,238,139,35890,238,0,0,0,9JRCP,BIMESTRAL PAR,90,1979-02-02 00:00:00,2025-12-01 00:00:00,2025-12-09 08:59:00,36250,360,2,RECIBIDA,69X46J ,Con_Facturas,,,,,,,,,,,,,,,GSC
2025-12-01 00:00:00,789800700011,05,DW,04,A,01,054,JUANA CANCHE DEE P            ,1F,ACTIVO,774MCC ,1,F12J,15MR,2025-05-01 00:00:00,4,0,8,2025-02-28 00:00:00,2025-05-01 00:00:00,2025-05-02 00:00:00,0,48.229999999999997,48,0,0,0,0,Y2000,BIMESTRAL NON,250,1980-07-08 00:00:00,2026-01-01 00:00:00,2026-01-02 14:03:00,81,33,2,RECIBIDA,774MCC ,Con_Facturas,,,,,,,,,,,,,,,GSC
2025-12-01 00:00:00,789980602110,07,DW,04,A,01,073,CERVERA MATOS MICAELA         ,1F,ACTIVO,982MDN ,2,F62J,15MT,2022-09-01 00:00:00,4,0,0,2022-07-04 00:00:00,2022-09-01 00:00:00,2022-09-01 00:00:00,1044,622.42999999999995,27805,0,0,0,0,Y2000,BIMESTRAL NON,1223,1998-06-15 00:00:00,2017-01-01 00:00:00,2017-01-03 13:49:00,19708,335,22,,76W19B ,Con_Facturas,,,,,,,,,,,,,,,GSC
2025-12-01 00:00:00,779251102403,64,DW,01,M,24,646,LARA DIAZ DOLORES NICTE HA    ,02,ACTIVO,1AAB38 ,2,F623,25NY,2025-11-01 00:00:00,1,1,9,2025-11-14 00:00:00,2025-11-20 00:00:00,2025-11-24 00:00:00,0,2979,0,0,56,0,0,GAAGN,MENSUAL,47,2025-11-14 00:00:00,2025-11-01 00:00:00,2025-11-21 16:42:00,0,0,2,RECIBIDA,1AAB38 ,Con_Facturas,NO HAY MEDIDOR,,,2025-11-21 16:41:31,2951,R,GAAGN,1AAB38 ,0,Nor,56,NO HAY MEDIDOR,56,S,GSC
2025-12-01 00:00:00,780250904571,65,DW,12,B,01,650,FARMACIA GUADALAJARA SA DE CV ,67,ACTIVO,GFR585 ,3,VL28,22NJ,2025-11-01 00:00:00,1,0,7,2025-10-23 00:00:00,2025-11-24 00:00:00,2025-11-26 00:00:00,11920,44674,204,11920,0,0,0,9BBM1,MENSUAL,43,2025-09-25 00:00:00,2025-11-01 00:00:00,2025-11-24 14:33:00,204,11920,2,RECIBIDA,GFR585 ,Con_Facturas,,,,,,,,,,,,,,,GSC
2025-12-01 00:00:00,780930700407,35,DW,12,D,04,037,PEDRO RADILLA JACINTO         ,1D,ACTIVO,2DVK60 ,2,F623,25NY,2025-10-01 00:00:00,1,1,3,2025-08-20 00:00:00,2025-10-20 00:00:00,2025-10-22 00:00:00,687,891,1,687,56,0,0,GATKM,BIMESTRAL NON,78,1993-07-31 00:00:00,2021-08-01 00:00:00,2021-08-26 00:00:00,59908,121,2,RECIBIDA,85H63K ,Con_Facturas,NO HAY MEDIDOR,,,2025-10-21 12:39:11,3051,R,9NCX2,2DVK60 ,0,Nor,56,NO HAY MEDIDOR,56,S,GSC
2025-12-01 00:00:00,781121200505,11,DW,12,B,01,112,MADERA ACOSTA MARIA ELENA     ,1D,CORTADO,639MW9 ,2,F622,12LJ,2024-09-01 00:00:00,4,0,2,2024-07-08 00:00:00,2024-07-09 00:00:00,2024-09-06 00:00:00,0,0,42399,0,0,0,0,9BBTM,BIMESTRAL NON,546,2012-12-08 00:00:00,2025-11-01 00:00:00,2025-11-06 07:49:00,5342,0,2,RECIBIDA,639MW9 ,Con_Facturas,,,,2024-09-04 08:47:33,1103,L,9AKK4,639MW9 ,0,Nor,56,NO HAY MEDIDOR,56,S,GSC
2025-12-01 00:00:00,779230901799,07,DW,01,M,13,074,SANTOS EUAN TERESA DEL RUBY   ,1B,ACTIVO,JBD293 ,2,F623,23NU,2025-10-01 00:00:00,1,1,7,2025-07-31 00:00:00,2025-09-30 00:00:00,2025-10-02 00:00:00,451,572,1507,451,51,0,0,R9950,BIMESTRAL NON,98,2023-09-09 00:00:00,2024-12-01 00:00:00,2024-12-02 09:41:00,3718,2126,10,REPOSICION-1,JBC688 ,Con_Facturas,NO ENCONTRE DOMI,,,2025-09-30 17:47:45,0402,L,R9950,JBD293 ,0,Nor,51,NO ENCONTRE DOMI,,,GSC
2025-12-01 00:00:00,779241202451,19,DW,01,M,02,196,PEREZ GALAZ LUIS ALFREDO      ,1D,ACTIVO,WUD163 ,2,F623,24P2,2025-10-01 00:00:00,1,1,9,2025-07-14 00:00:00,2025-10-24 00:00:00,2025-10-28 00:00:00,28,101,99999,28,57,0,0,G92B2,BIMESTRAL NON,74,2024-12-12 00:00:00,2025-10-01 00:00:00,2025-10-24 16:49:00,99999,28,4,ESTIMADA-P,WUD163 ,Con_Facturas,RUTA INCOMPLETA,,,2025-10-24 21:04:25,3802,L,GAKVM,WUD163 ,0,Nor,51,NO ENCONTRE DOMI,,,GSC
2025-12-01 00:00:00,779250400176,25,DW,01,M,24,255,AGUIRRE TREJO JUAN MANUEL     ,1D,ACTIVO,RBD424 ,2,F623,24NY,2025-10-01 00:00:00,1,1,1,2025-08-14 00:00:00,2025-10-14 00:00:00,2025-10-16 00:00:00,0,59,0,0,57,0,0,9MCBU,BIMESTRAL NON,84,2025-04-01 00:00:00,2025-10-01 00:00:00,2025-10-14 13:29:00,0,0,4,ESTIMADA-P,RBD424 ,Con_Facturas,RUTA INCOMPLETA,,,2025-10-14 18:18:49,2228,L,9P14E,RBD424 ,0,Nor,51,NO ENCONTRE DOMI,,,GSC
2025-12-01 00:00:00,779250402055,11,DW,01,M,13,114,MORRESI GIANCARLO             ,1B,ACTIVO,RAW023 ,2,F623,24NY,2025-10-01 00:00:00,1,1,2,2025-08-05 00:00:00,2025-10-03 00:00:00,2025-10-07 00:00:00,0,59,0,0,51,0,0,R9962,BIMESTRAL NON,95,2025-04-10 00:00:00,2025-10-01 00:00:00,2025-08-05 07:09:00,0,0,4,ESTIMADA-P,RAW023 ,Con_Facturas,NO ENCONTRE DOMI,,,2025-10-06 07:08:55,0851,R,R9962,RAW023 ,0,Nor,51,NO ENCONTRE DOMI,,,GSC
2025-12-01 00:00:00,779250502921,25,DW,01,M,24,251,POOL CHIN JOSE NARCISO        ,1D,ACTIVO,D444WU ,2,F622,17LM,2025-10-01 00:00:00,1,1,9,2025-08-18 00:00:00,2025-10-16 00:00:00,2025-10-20 00:00:00,78,95,157,78,56,0,0,GAAFN,BIMESTRAL NON,82,2025-05-20 00:00:00,2025-12-01 00:00:00,2025-12-17 11:25:00,157,0,2,RECIBIDA,D444WU ,Con_Facturas,NO HAY MEDIDOR,,,2025-10-17 17:02:52,2653,R,GAAFN,D444WU ,0,Nor,56,NO HAY MEDIDOR,56,S,GSC
2025-12-01 00:00:00,779250604987,35,DW,01,M,02,359,BAEZ BARRERA CARLOS ALBERTO OR,1D,ACTIVO,8AAH30 ,2,F623,25NY,2025-08-01 00:00:00,4,0,6,2025-07-24 00:00:00,2025-08-20 00:00:00,2025-08-20 00:00:00,0,0,223,0,0,0,0,Y2000,BIMESTRAL NON,139,2025-06-24 00:00:00,2025-08-01 00:00:00,2025-08-20 08:47:00,223,0,3,FINIQUITO,8AAH30 ,Con_Facturas,,,,,,,,,,,,,,,GSC
2025-12-01 00:00:00,779250802029,08,DW,01,M,01,082,GUERRERO PALOMO GEORGINA GUADA,1D,ACTIVO,5AAM24 ,2,F623,25NY,2025-10-01 00:00:00,1,1,8,2025-08-13 00:00:00,2025-10-24 00:00:00,2025-10-28 00:00:00,0,727,0,0,57,0,0,G92B2,BIMESTRAL PAR,74,2025-08-13 00:00:00,2025-10-01 00:00:00,2025-10-28 16:49:00,0,0,2,RECIBIDA,5AAM24 ,Con_Facturas,RUTA INCOMPLETA,,,2025-10-24 21:04:24,3802,L,GAKVM,5AAM24 ,0,Nor,51,NO ENCONTRE DOMI,,,GSC
2025-12-01 00:00:00,779250804510,33,DW,01,M,25,334,CANUL SANTOS JAIME            ,1D,ACTIVO,4AAT20 ,2,F623,25NY,2025-10-01 00:00:00,1,0,0,2025-07-23 00:00:00,2025-10-16 00:00:00,2025-10-20 00:00:00,1281,2861,1281,1281,0,0,0,GAAEN,BIMESTRAL NON,82,2025-08-25 00:00:00,2025-12-01 00:00:00,2025-12-17 11:39:00,1281,0,2,RECIBIDA,4AAT20 ,Con_Facturas,,,,,,,,,,,,,,,GSC
2025-12-01 00:00:00,779250903232,23,DW,01,M,02,235,PALMA CORONADO ANA KAREN      ,1D,ACTIVO,9BCC25 ,2,F623,25P2,2025-10-01 00:00:00,1,1,0,2025-09-19 00:00:00,2025-10-15 00:00:00,2025-10-17 00:00:00,0,683,0,0,51,0,0,9ND41,BIMESTRAL NON,83,2025-09-19 00:00:00,2025-10-01 00:00:00,2025-10-16 12:09:00,0,0,2,RECIBIDA,9BCC25 ,Con_Facturas,NO ENCONTRE DOMI,,,2025-10-16 12:08:41,2451,R,9ND41,9BCC25 ,0,Nor,51,NO ENCONTRE DOMI,,,GSC
2025-12-01 00:00:00,779250904085,25,DW,01,M,24,251,CHALE COUOH HECTOR ISRAEL     ,1D,ACTIVO,1DVR94 ,2,F623,25NY,2025-10-01 00:00:00,1,0,3,2025-09-24 00:00:00,2025-10-16 00:00:00,2025-10-20 00:00:00,59,734,59,59,0,0,0,GAAFN,BIMESTRAL NON,82,2025-09-24 00:00:00,2025-12-01 00:00:00,2025-12-17 11:41:00,59,0,2,RECIBIDA,1DVR94 ,Con_Facturas,,,,,,,,,,,,,,,GSC
2025-12-01 00:00:00,777231100193,05,DW,01,J,09,053,CRUZ NOH RITA JUANITA         ,1D,ACTIVO,GGT774 ,1,F123,23NX,2025-09-01 00:00:00,4,0,9,2025-07-03 00:00:00,2025-09-03 00:00:00,2025-09-03 00:00:00,0,0,850,82269,0,0,0,Y2000,BIMESTRAL NON,125,2023-11-03 00:00:00,2026-01-01 00:00:00,2026-01-02 15:49:00,12514,11664,2,RECIBIDA,GGT774 ,Con_Facturas,,,,,,,,,,,,,,,GSC
2025-12-01 00:00:00,777250801577,27,DW,01,J,03,273,CHAN CANUL SANTOS ALBERTO     ,1C,ACTIVO,3DVN58 ,2,F623,25NY,2025-10-01 00:00:00,1,1,3,2025-08-15 00:00:00,2025-10-02 00:00:00,2025-10-06 00:00:00,0,701,0,0,51,0,0,R9933,BIMESTRAL NON,96,2025-08-15 00:00:00,2025-10-01 00:00:00,2025-10-02 14:46:00,0,0,2,RECIBIDA,3DVN58 ,Con_Facturas,NO ENCONTRE DOMI,,,2025-10-02 14:46:25,0602,M,R9933,3DVN58 ,0,Nor,51,NO ENCONTRE DOMI,,,GSC
2025-12-01 00:00:00,778250900911,75,DW,08,E,67,751,MEDINA MILLET CARLOS GABRIEL  ,02,ACTIVO,8AYA58 ,2,F623,25P2,2025-11-01 00:00:00,1,1,6,2025-09-30 00:00:00,2025-10-30 00:00:00,2025-11-04 00:00:00,0,3086,0,0,56,0,0,9EMCB,MENSUAL,68,2025-09-30 00:00:00,2026-01-01 00:00:00,2026-01-02 14:25:00,0,0,2,RECIBIDA,8AYA58 ,Con_Facturas,NO HAY MEDIDOR,,,2025-10-31 11:43:09,0351,R,9EMCB,8AYA58 ,0,Nor,51,NO ENCONTRE DOMI,,,GSC
2025-12-01 00:00:00,776250900081,04,DW,01,H,36,046,GONZALEZ ORTEGA CAROL MARIANA ,1C,ACTIVO,4AUW27 ,2,F623,25P2,2025-10-01 00:00:00,1,1,2,2025-09-01 00:00:00,2025-09-29 00:00:00,2025-10-01 00:00:00,0,686,0,0,51,0,0,9JR2C,BIMESTRAL PAR,99,2025-09-01 00:00:00,2025-12-01 00:00:00,2025-12-23 11:40:00,0,0,2,RECIBIDA,4AUW27 ,Con_Facturas,NO ENCONTRE DOMI,,,2025-09-30 15:36:18,0251,R,9JR2C,4AUW27 ,0,Nor,51,NO ENCONTRE DOMI,,,GSC
2025-12-01 00:00:00,776250901010,04,DW,01,H,36,046,CADENA MARCIAL EDGAR EDUARDO  ,1C,ACTIVO,2AUF43 ,2,F623,25P2,2025-10-01 00:00:00,1,1,9,2025-09-25 00:00:00,2025-09-29 00:00:00,2025-10-01 00:00:00,0,660,0,0,51,0,0,9JR2C,BIMESTRAL PAR,99,2025-09-25 00:00:00,2025-12-01 00:00:00,2025-12-23 11:40:00,0,0,2,RECIBIDA,2AUF43 ,Con_Facturas,NO ENCONTRE DOMI,,,2025-09-30 15:36:26,0251,R,9JR2C,2AUF43 ,0,Nor,51,NO ENCONTRE DOMI,,,GSC
2025-12-01 00:00:00,776991000796,05,DW,01,H,42,054,ALFREDO PECH CUCH             ,1B,ACTIVO,8RG139 ,1,F121,99GG,2025-09-01 00:00:00,4,0,1,2025-08-29 00:00:00,2025-09-19 00:00:00,2025-09-19 00:00:00,0,21.52,41056,99885,0,0,0,Y2000,BIMESTRAL NON,109,2000-05-25 00:00:00,2026-01-01 00:00:00,2026-01-02 11:40:00,61,44,2,RECIBIDA,8RG139 ,Con_Facturas,,,,2025-08-29 09:31:54,0529,L,9P167,8RG139 ,0,Nor,60,MEDID NO TRABAJA,60,S,GSC
2025-12-01 00:00:00,806240300359,17,DW,08,C,28,288,CHI BRICENO ELEAZAR JESUS     ,1C,ACTIVO,HYY472 ,2,F623,23NU,2025-09-01 00:00:00,1,0,0,2025-07-17 00:00:00,2025-09-17 00:00:00,2025-09-19 00:00:00,134,158,815,134,0,0,0,GAPTM,BIMESTRAL NON,111,2024-03-14 00:00:00,2025-11-01 00:00:00,2025-11-18 10:45:00,979,164,2,RECIBIDA,HYY472 ,Con_Facturas,,,,,,,,,,,,,,,GSC
2025-12-01 00:00:00,808041100661,29,DW,08,E,67,291,CANCHE CAUICH APOLINAR        ,02,ACTIVO,DBT848 ,2,F623,22NU,2025-09-01 00:00:00,1,0,0,2025-07-28 00:00:00,2025-09-26 00:00:00,2025-09-30 00:00:00,110,683,641,110,0,0,0,GAA3N,BIMESTRAL NON,102,2004-11-23 00:00:00,2023-01-01 00:00:00,2023-01-25 00:00:00,5685,0,2,RECIBIDA,5V34P6 ,Con_Facturas,,,,,,,,,,,,,,,GSC
2025-12-01 00:00:00,808250500391,35,DW,08,E,73,351,MAGANA MEDINA LOURDES ISABEL  ,1B,ACTIVO,0ANE73 ,1,F123,25NX,2025-09-01 00:00:00,1,1,9,2025-07-23 00:00:00,2025-09-23 00:00:00,2025-09-25 00:00:00,0,56,0,0,51,0,0,9JRDF,BIMESTRAL NON,105,2025-07-16 00:00:00,2025-11-01 00:00:00,2025-11-25 13:34:00,0,0,2,RECIBIDA,0ANE73 ,Con_Facturas,NO ENCONTRE DOMI,,,2025-09-24 11:28:31,3351,R,9JRDF,0ANE73 ,0,Nor,51,NO ENCONTRE DOMI,,,GSC
2025-12-01 00:00:00,812250701980,23,DW,22,A,02,230,GONZALEZ DEL TORO ALDO ALONSO ,1B,ACTIVO,8DVK60 ,2,F623,25NY,2025-10-01 00:00:00,1,0,4,2025-08-21 00:00:00,2025-10-21 00:00:00,2025-10-23 00:00:00,457,738,949,457,0,0,0,GAPHM,BIMESTRAL NON,77,2025-07-09 00:00:00,2025-12-01 00:00:00,2025-12-22 14:06:00,949,0,2,RECIBIDA,8DVK60 ,Con_Facturas,,,,,,,,,,,,,,,GSC
2025-12-01 00:00:00,774250901645,25,DW,01,E,02,251,JIMENEZ RAMIREZ GUSTAVO       ,1D,ACTIVO,0AYE15 ,2,F623,25P2,2025-10-01 00:00:00,1,1,9,2025-09-17 00:00:00,2025-10-24 00:00:00,2025-10-28 00:00:00,0,695,0,0,51,0,0,9JR11,BIMESTRAL NON,74,2025-09-17 00:00:00,2025-10-01 00:00:00,2025-10-27 09:52:00,0,0,2,RECIBIDA,0AYE15 ,Con_Facturas,NO ENCONTRE DOMI,,,2025-10-27 09:52:26,3851,N,9JR11,0AYE15 ,0,Nor,51,NO ENCONTRE DOMI,,,GSC
2025-12-01 00:00:00,774251001087,05,DW,01,E,37,051,UC MARTIN MARTHA LETICIA      ,1D,ACTIVO,RBG750 ,2,F623,24NY,2025-10-01 00:00:00,1,1,1,2025-10-09 00:00:00,2025-10-27 00:00:00,2025-10-29 00:00:00,0,678,0,0,56,0,0,9JR11,BIMESTRAL NON,71,2025-10-09 00:00:00,2026-01-01 00:00:00,2026-01-05 09:04:00,2748,0,2,RECIBIDA,RBG750 ,Con_Facturas,NO HAY MEDIDOR,,,2025-10-28 10:54:51,4051,R,9JR11,RBG750 ,0,Nor,56,NO HAY MEDIDOR,56,S,GSC
2025-12-01 00:00:00,776041000200,05,DW,01,H,42,051,MUNICIPIO DE CELESTUN         ,02,ACTIVO,RBF151 ,2,F623,24NY,2025-09-01 00:00:00,1,1,6,2025-07-07 00:00:00,2025-09-03 00:00:00,2025-09-05 00:00:00,647,3370,0,647,51,0,0,9P167,BIMESTRAL NON,125,2004-10-06 00:00:00,2021-01-01 00:00:00,2021-01-04 18:45:00,2794,0,16,AJUSTADA,4V27R4 ,Con_Facturas,NO ENCONTRE DOMI,,,2025-09-03 13:18:44,0926,L,9P167,RBF151 ,0,Nor,51,NO ENCONTRE DOMI,,,GSC
2025-12-01 00:00:00,806250200484,17,DW,08,C,28,288,OJEDA CHAN JAIME REFUGIO      ,1C,ACTIVO,RBG147 ,2,F623,24NY,2025-09-01 00:00:00,1,0,1,2025-07-17 00:00:00,2025-09-17 00:00:00,2025-09-19 00:00:00,0,59,50,0,0,31,0,GAPTM,BIMESTRAL NON,111,2025-02-19 00:00:00,2025-11-01 00:00:00,2025-11-18 10:49:00,0,0,2,RECIBIDA,RBG147 ,Con_Facturas,,SERVICIO SIN USO,,2025-09-17 13:36:54,2501,L,GAPTM,RBG147 ,0,Nor,31,SERVICIO SIN USO,,,GSC
2025-12-01 00:00:00,810250900602,11,DW,22,A,01,111,CONKLIN TERRY ALAN            ,1B,ACTIVO,MU809E ,3,KL28,20KE,2025-10-01 00:00:00,1,0,4,2025-09-06 00:00:00,2025-10-06 00:00:00,2025-10-08 00:00:00,1,795,1,1,0,31,0,9MCKY,BIMESTRAL NON,92,2025-09-06 00:00:00,2025-12-01 00:00:00,2025-12-05 13:20:00,1,0,2,RECIBIDA,MU809E ,Con_Facturas,,SERVICIO SIN USO,,,,,,,,,,,,,GSC
2025-12-01 00:00:00,810250900611,11,DW,22,A,01,111,GIORDANO TARA MURRAY          ,1B,ACTIVO,G442XK ,3,KL28,17KE,2025-10-01 00:00:00,1,0,3,2025-09-06 00:00:00,2025-10-06 00:00:00,2025-10-08 00:00:00,1,795,1,1,0,31,0,9MCKY,BIMESTRAL NON,92,2025-09-06 00:00:00,2025-12-01 00:00:00,2025-12-05 13:20:00,1,0,2,RECIBIDA,G442XK ,Con_Facturas,,SERVICIO SIN USO,,,,,,,,,,,,,GSC
2025-12-01 00:00:00,810250900629,11,DW,22,A,01,111,MONTES CASTILLA JOSE DE JESUS ,1B,ACTIVO,MW471X ,3,KL28,20KE,2025-10-01 00:00:00,1,0,6,2025-09-06 00:00:00,2025-10-06 00:00:00,2025-10-08 00:00:00,1,795,1,1,0,31,0,9MCKY,BIMESTRAL NON,92,2025-09-06 00:00:00,2025-12-01 00:00:00,2025-12-05 13:20:00,1,0,2,RECIBIDA,MW471X ,Con_Facturas,,SERVICIO SIN USO,,,,,,,,,,,,,GSC
2025-12-01 00:00:00,810250900637,11,DW,22,A,01,111,BIELER THOMAS EDWARD          ,1B,ACTIVO,MX340B ,3,KL28,20KE,2025-10-01 00:00:00,1,0,7,2025-09-06 00:00:00,2025-10-06 00:00:00,2025-10-08 00:00:00,1,795,1,1,0,31,0,9MCKY,BIMESTRAL NON,92,2025-09-06 00:00:00,2025-12-01 00:00:00,2025-12-05 13:20:00,1,0,2,RECIBIDA,MX340B ,Con_Facturas,,SERVICIO SIN USO,,,,,,,,,,,,,GSC
2025-12-01 00:00:00,810250900645,11,DW,22,A,01,111,MENDOZA HERNANDEZ REYNALDO    ,1B,ACTIVO,PY187H ,3,KL28,21KE,2025-10-01 00:00:00,1,0,8,2025-09-06 00:00:00,2025-10-06 00:00:00,2025-10-08 00:00:00,1,795,1,1,0,31,0,9MCKY,BIMESTRAL NON,92,2025-09-06 00:00:00,2025-12-01 00:00:00,2025-12-05 13:20:00,1,0,2,RECIBIDA,PY187H ,Con_Facturas,,SERVICIO SIN USO,,,,,,,,,,,,,GSC
2025-12-01 00:00:00,810250900653,11,DW,22,A,01,111,FEDOSEJEVS ROBERT             ,1B,ACTIVO,R176CC ,3,KL28,18KE,2025-10-01 00:00:00,1,0,9,2025-09-06 00:00:00,2025-10-06 00:00:00,2025-10-08 00:00:00,1,795,1,1,0,31,0,9MCKY,BIMESTRAL NON,92,2025-09-06 00:00:00,2025-12-01 00:00:00,2025-12-05 13:20:00,1,0,2,RECIBIDA,R176CC ,Con_Facturas,,SERVICIO SIN USO,,,,,,,,,,,,,GSC
2025-12-01 00:00:00,810250900661,11,DW,22,A,01,111,BIELER MICHAEL EDWARS         ,1B,ACTIVO,MU522F ,3,KL28,20KE,2025-10-01 00:00:00,1,0,0,2025-09-06 00:00:00,2025-10-06 00:00:00,2025-10-08 00:00:00,1,795,1,1,0,31,0,9MCKY,BIMESTRAL NON,92,2025-09-06 00:00:00,2025-12-01 00:00:00,2025-12-05 13:20:00,1,0,2,RECIBIDA,MU522F ,Con_Facturas,,SERVICIO SIN USO,,,,,,,,,,,,,GSC
2025-12-01 00:00:00,810250900670,11,DW,22,A,01,111,MENEELY STEPHEN JEFFREY WILLIA,1B,ACTIVO,PY358G ,3,KL28,21KE,2025-10-01 00:00:00,1,0,9,2025-09-06 00:00:00,2025-10-06 00:00:00,2025-10-08 00:00:00,1,795,1,1,0,31,0,9MCKY,BIMESTRAL NON,92,2025-09-06 00:00:00,2025-12-01 00:00:00,2025-12-05 13:20:00,1,0,2,RECIBIDA,PY358G ,Con_Facturas,,SERVICIO SIN USO,,,,,,,,,,,,,GSC
2025-12-01 00:00:00,810250900688,11,DW,22,A,01,111,GLASS JORGE NORBERT           ,1B,ACTIVO,PT213X ,3,KL28,21KE,2025-10-01 00:00:00,1,0,1,2025-09-06 00:00:00,2025-10-06 00:00:00,2025-10-08 00:00:00,1,795,1,1,0,31,0,9MCKY,BIMESTRAL NON,92,2025-09-06 00:00:00,2025-12-01 00:00:00,2025-12-05 13:20:00,1,0,2,RECIBIDA,PT213X ,Con_Facturas,,SERVICIO SIN USO,,,,,,,,,,,,,GSC
2025-12-01 00:00:00,810250900696,11,DW,22,A,01,111,BARBERENA GARCIAS LUIS ALFONSO,1B,ACTIVO,MV956K ,3,KL28,20KE,2025-10-01 00:00:00,1,0,2,2025-09-06 00:00:00,2025-10-06 00:00:00,2025-10-08 00:00:00,1,795,1,1,0,31,0,9MCKY,BIMESTRAL NON,92,2025-09-06 00:00:00,2025-12-01 00:00:00,2025-12-05 13:20:00,1,0,2,RECIBIDA,MV956K ,Con_Facturas,,SERVICIO SIN USO,,,,,,,,,,,,,GSC
2025-12-01 00:00:00,779250504559,35,DW,01,M,02,359,PARRA CRUZ GABRIELA           ,1D,ACTIVO,3AAJ66 ,2,F623,25NY,2025-10-01 00:00:00,1,0,1,2025-08-15 00:00:00,2025-10-15 00:00:00,2025-10-17 00:00:00,0,59,15,0,0,31,0,9P14E,BIMESTRAL NON,83,2025-05-30 00:00:00,2025-12-01 00:00:00,2025-12-18 13:13:00,16,1,2,RECIBIDA,3AAJ66 ,Con_Facturas,,SERVICIO SIN USO,,2025-10-17 12:12:08,2452,R,9P14E,3AAJ66 ,0,Opt,31,SERVICIO SIN USO,,,GSC
2025-12-01 00:00:00,790250400587,21,DW,04,C,54,213,CHI SALAZAR JOSE RAUL         ,1F,ACTIVO,RBD667 ,2,F623,24NY,2025-09-01 00:00:00,1,0,3,2025-07-21 00:00:00,2025-09-19 00:00:00,2025-09-23 00:00:00,0,30,0,0,0,31,0,GA8MN,BIMESTRAL NON,109,2025-04-15 00:00:00,2025-11-01 00:00:00,2025-11-20 13:22:00,0,0,2,RECIBIDA,RBD667 ,Con_Facturas,,SERVICIO SIN USO,,2025-09-21 12:17:53,2951,R,GA8MN,RBD667 ,0,Nor,31,SERVICIO SIN USO,LM,S,GSC
2025-12-01 00:00:00,791250400460,19,DW,04,D,48,010,MIJANGOS ALCOCER EDGAR ALEJAND,1F,ACTIVO,RBC618 ,2,F623,24NY,2025-10-01 00:00:00,1,0,9,2025-08-04 00:00:00,2025-10-02 00:00:00,2025-10-06 00:00:00,0,30,0,0,0,31,0,GA8WN,BIMESTRAL NON,96,2025-04-12 00:00:00,2025-10-01 00:00:00,2025-10-02 15:56:00,0,0,2,RECIBIDA,RBC618 ,Con_Facturas,,SERVICIO SIN USO,,2025-10-02 15:56:16,0652,R,GA8WN,RBC618 ,0,Nor,31,SERVICIO SIN USO,,,GSC
2025-12-01 00:00:00,774250702821,09,DW,01,E,37,071,RICARDEZ NUNFIO ISAAC         ,1D,ACTIVO,5DVX69 ,2,F623,25NY,2025-09-01 00:00:00,1,0,4,2025-07-21 00:00:00,2025-09-10 00:00:00,2025-09-12 00:00:00,3,700,3,3,0,31,0,9JRB9,BIMESTRAL NON,118,2025-07-21 00:00:00,2025-09-01 00:00:00,2025-09-11 09:32:00,3,3,2,RECIBIDA,5DVX69 ,Con_Facturas,,SERVICIO SIN USO,,,,,,,,,,,,,GSC
2025-12-01 00:00:00,315251000906,17,DW,04,B,12,171,PECH BARRERA JOSEFA ANTONIA   ,1F,ACTIVO,6AUV44 ,2,F623,25P2,2025-10-01 00:00:00,1,0,1,2025-10-17 00:00:00,2025-10-20 00:00:00,2025-10-22 00:00:00,0,662,0,0,0,31,0,9BBRA,BIMESTRAL NON,78,2025-10-17 00:00:00,2025-10-01 00:00:00,2025-10-20 09:44:00,0,0,2,RECIBIDA,6AUV44 ,Con_Facturas,,SERVICIO SIN USO,,2025-10-20 09:43:47,3001,L,9BBRA,6AUV44 ,0,Nor,31,SERVICIO SIN USO,LM,S,GSC
2025-12-01 00:00:00,783250707503,33,DW,12,D,03,335,POOT VAZQUEZ MARILU           ,1B,ACTIVO,2DVB60 ,2,F623,25NY,2025-09-01 00:00:00,1,0,3,2025-07-25 00:00:00,2025-09-24 00:00:00,2025-09-26 00:00:00,0,710,0,0,0,31,0,9NCWK,BIMESTRAL NON,104,2025-07-25 00:00:00,2025-11-01 00:00:00,2025-11-25 14:32:00,493,493,2,RECIBIDA,2DVB60 ,Con_Facturas,,SERVICIO SIN USO,,2025-09-24 14:53:24,3526,L,9NCWK,2DVB60 ,0,Nor,31,SERVICIO SIN USO,LM,S,GSC
2025-12-01 00:00:00,808250900667,17,DW,08,E,68,172,PUGA MAY CAMILA KARELY        ,1B,ACTIVO,8DWA22 ,2,F623,25NY,2025-10-01 00:00:00,1,0,8,2025-09-24 00:00:00,2025-10-22 00:00:00,2025-10-24 00:00:00,50,396,50,50,0,34,0,9BBVL,BIMESTRAL NON,76,2025-09-24 00:00:00,2025-11-01 00:00:00,2025-11-21 09:49:00,146,96,2,RECIBIDA,8DWA22 ,Con_Facturas,,FUERA DE RUTA,,,,,,,,,,,,,GSC
2025-12-01 00:00:00,779251000465,64,DW,01,M,24,646,PEREZ CAVAZOS JORGE HUMBERTO  ,1D,ACTIVO,5BCE40 ,2,F623,25P2,2025-11-01 00:00:00,1,0,4,2025-10-02 00:00:00,2025-11-14 00:00:00,2025-11-19 00:00:00,0,705,0,0,0,44,0,GAAEN,MENSUAL,53,2025-10-02 00:00:00,2025-11-01 00:00:00,2025-11-14 16:47:00,0,0,2,RECIBIDA,5BCE40 ,Con_Facturas,,NUM MEDID DESIGU,,2025-11-14 16:47:05,2329,L,GAAEN,5BCE40 ,0,Nor,44,NUM MEDID DESIGU,44,S,GSC
